UniprotID,Gene_Name,TDL,Protein,IDG_Family,IC_Family,IC_Subfamily,IC_Sub-subfamily,Protein_Name,TransporterProtein_Type,Gating_Mechanism,Ion_Type,Channel_Activity,Topology,Quaternary Organization,Transmembrane_Regions,Membrane Topological Regions,Intramembrane Regions
P46098,HTR3A,Tclin+,protein,ion channel,"neurotransmitter receptor, cys loop, ligand-gated ion channel (lic) family",5-hydroxytryptamine receptor subfamily,HTR3A sub-subfamily,5-hydroxytryptamine receptor 3a,ion channel,ligand-gated,cation channel,Potassium,Multi-pass membrane protein,Bimeric,4,5,0
O95264,HTR3B,Tclin,protein,ion channel,"neurotransmitter receptor, cys loop, ligand-gated ion channel (lic) family",5-hydroxytryptamine receptor subfamily,HTR3B sub-subfamily,5-hydroxytryptamine receptor 3b,ion channel,ligand-gated,cation channel,cation,Multi-pass membrane protein,Heteromeric,4,5,0
Q8WXA8,HTR3C,Tclin,protein,ion channel,"neurotransmitter receptor, cys loop, ligand-gated ion channel (lic) family",5-hydroxytryptamine receptor subfamily,HTR3C sub-subfamily,5-hydroxytryptamine receptor 3c,ion channel,ligand-gated,cation channel,cation,Multi-pass membrane protein,Heteromeric,4,5,0
Q70Z44,HTR3D,Tclin,protein,ion channel,"neurotransmitter receptor, cys loop, ligand-gated ion channel (lic) family",5-hydroxytryptamine receptor subfamily,HTR3D sub-subfamily,5-hydroxytryptamine receptor 3d,ion channel,ligand-gated,cation channel,cation,Multi-pass membrane protein,Heteromeric,4,5,0
A5X5Y0,HTR3E,Tclin,protein,ion channel,"neurotransmitter receptor, cys loop, ligand-gated ion channel (lic) family",5-hydroxytryptamine receptor subfamily,HTR3E sub-subfamily,5-hydroxytryptamine receptor 3e,ion channel,ligand-gated,cation channel,cation,Multi-pass membrane protein,Heteromeric,4,5,0
Q9GZZ6,CHRNA10,Tchem,protein,ion channel,"neurotransmitter receptor, cys loop, ligand-gated ion channel (lic) family",Acetylcholine receptor subfamily,Alpha-10/CHRNA10 sub-subfamily,Neuronal acetylcholine receptor subunit alpha-10,ion channel,ligand-gated,cation channel,Calcium,Multi-pass membrane protein,Heteromeric,4,2,0
Q15822,CHRNA2,Tclin+,protein,ion channel,"neurotransmitter receptor, cys loop, ligand-gated ion channel (lic) family",Acetylcholine receptor subfamily,Alpha-2/CHRNA2 sub-subfamily,Neuronal acetylcholine receptor subunit alpha-2,ion channel,ligand-gated,cation channel,cation,Multi-pass membrane protein,Heteromeric,4,2,0
P32297,CHRNA3,Tclin+,protein,ion channel,"neurotransmitter receptor, cys loop, ligand-gated ion channel (lic) family",Acetylcholine receptor subfamily,Alpha-3/CHRNA3 sub-subfamily,Neuronal acetylcholine receptor subunit alpha-3,ion channel,ligand-gated,cation channel,cation,Multi-pass membrane protein,Heteromeric,4,2,0
P43681,CHRNA4,Tclin+,protein,ion channel,"neurotransmitter receptor, cys loop, ligand-gated ion channel (lic) family",Acetylcholine receptor subfamily,Alpha-4/CHRNA4 sub-subfamily,Neuronal acetylcholine receptor subunit alpha-4,ion channel,ligand-gated,cation channel,cation,Multi-pass membrane protein,Heteromeric,4,2,0
P30532,CHRNA5,Tchem,protein,ion channel,"neurotransmitter receptor, cys loop, ligand-gated ion channel (lic) family",Acetylcholine receptor subfamily,Alpha-5/CHRNA5 sub-subfamily,Neuronal acetylcholine receptor subunit alpha-5,ion channel,ligand-gated,cation channel,cation,Multi-pass membrane protein,Heteromeric,4,3,0
Q15825,CHRNA6,Tclin,protein,ion channel,"neurotransmitter receptor, cys loop, ligand-gated ion channel (lic) family",Acetylcholine receptor subfamily,Alpha-6/CHRNA6 sub-subfamily,Neuronal acetylcholine receptor subunit alpha-6,ion channel,ligand-gated,cation channel,cation,Multi-pass membrane protein,Heteromeric,4,2,0
P36544,CHRNA7,Tclin,protein,ion channel,"neurotransmitter receptor, cys loop, ligand-gated ion channel (lic) family",Acetylcholine receptor subfamily,Alpha-7/CHRNA7 sub-subfamily,Neuronal acetylcholine receptor subunit alpha-7,ion channel,ligand-gated,cation channel,cation,Multi-pass membrane protein,Homomeric,4,2,0
Q9UGM1,CHRNA9,Tchem,protein,ion channel,"neurotransmitter receptor, cys loop, ligand-gated ion channel (lic) family",Acetylcholine receptor subfamily,Alpha-9/CHRNA9 sub-subfamily,Neuronal acetylcholine receptor subunit alpha-9,ion channel,ligand-gated,cation channel,Calcium,Multi-pass membrane protein,Bimeric,4,2,0
P02708,CHRNA1,Tclin+,protein,ion channel,"neurotransmitter receptor, cys loop, ligand-gated ion channel (lic) family",Acetylcholine receptor subfamily,Alpha-1/CHRNA1 sub-subfamily,Acetylcholine receptor subunit alpha,ion channel,ligand-gated,cation channel,cation,Multi-pass membrane protein,Heteromeric,4,2,0
P17787,CHRNB2,Tclin+,protein,ion channel,"neurotransmitter receptor, cys loop, ligand-gated ion channel (lic) family",Acetylcholine receptor subfamily,Beta-2/CHRNB2 sub-subfamily,Neuronal acetylcholine receptor subunit beta-2,ion channel,ligand-gated,cation channel,cation,Multi-pass membrane protein,Heteromeric,4,4,0
Q05901,CHRNB3,Tclin,protein,ion channel,"neurotransmitter receptor, cys loop, ligand-gated ion channel (lic) family",Acetylcholine receptor subfamily,Beta-3/CHRNB3 sub-subfamily,Neuronal acetylcholine receptor subunit beta-3,ion channel,ligand-gated,cation channel,cation,Multi-pass membrane protein,Heteromeric,4,2,0
P30926,CHRNB4,Tclin+,protein,ion channel,"neurotransmitter receptor, cys loop, ligand-gated ion channel (lic) family",Acetylcholine receptor subfamily,Beta-4/CHRNB4 sub-subfamily,Neuronal acetylcholine receptor subunit beta-4,ion channel,ligand-gated,cation channel,cation,Multi-pass membrane protein,Heteromeric,4,5,0
P11230,CHRNB1,Tclin+,protein,ion channel,"neurotransmitter receptor, cys loop, ligand-gated ion channel (lic) family",Acetylcholine receptor subfamily,Beta-1/CHRNB1 sub-subfamily,Acetylcholine receptor subunit beta,ion channel,ligand-gated,cation channel,cation,Multi-pass membrane protein,Heteromeric,4,2,0
Q07001,CHRND,Tclin+,protein,ion channel,"neurotransmitter receptor, cys loop, ligand-gated ion channel (lic) family",Acetylcholine receptor subfamily,Delta/CHRND sub-subfamily,Acetylcholine receptor subunit delta,ion channel,ligand-gated,cation channel,cation,Multi-pass membrane protein,Heteromeric,4,2,0
Q04844,CHRNE,Tclin+,protein,ion channel,"neurotransmitter receptor, cys loop, ligand-gated ion channel (lic) family",Acetylcholine receptor subfamily,Epsilon/CHRNE sub-subfamily,Acetylcholine receptor subunit epsilon,ion channel,ligand-gated,cation channel,cation,Multi-pass membrane protein,Heteromeric,4,5,0
P07510,CHRNG,Tclin+,protein,ion channel,"neurotransmitter receptor, cys loop, ligand-gated ion channel (lic) family",Acetylcholine receptor subfamily,Gamma/CHRNG sub-subfamily,Acetylcholine receptor subunit gamma,ion channel,ligand-gated,cation channel,cation,Multi-pass membrane protein,Heteromeric,4,2,0
Q5XXA6,ANO1,Tclin,protein,ion channel,Calcium-dependent chloride channel (ca-clc) family,,,Anoctamin-1,ion channel,,anion channel,Chloride,Multi-pass membrane protein,Homomeric,8,9,0
Q9NQ90,ANO2,Tmacro,protein,ion channel,Calcium-dependent chloride channel (ca-clc) family,,,Anoctamin-2,ion channel,,anion channel,Chloride,Multi-pass membrane protein,Heteromeric,8,9,0
Q4KMQ2,ANO6,Tmacro,protein,ion channel,Calcium-dependent chloride channel (ca-clc) family,,,Anoctamin-6,ion channel,voltage-gated,anion channel,"Chloride,cation",Multi-pass membrane protein,Unknown,8,9,0
P78348,ASIC1,Tclin,protein,ion channel,amiloride-sensitive Sodium channel family,Acid-sensing ion channel 1 (ASIC1) subfamily,,acid-sensing ion channel 1,ion channel,ligand-gated,cation channel,"Calcium,Potassium,Sodium",Multi-pass membrane protein,Homomeric,2,3,0
Q16515,ASIC2,Tmacro,protein,ion channel,amiloride-sensitive Sodium channel family,Acid-sensing ion channel 2 (ASIC2) subfamily,,acid-sensing ion channel 2,ion channel,ligand-gated,cation channel,Sodium,Multi-pass membrane protein,Homomeric,2,3,0
Q9UHC3,ASIC3,Tclin,protein,ion channel,amiloride-sensitive Sodium channel family,Acid-sensing ion channel 3 (ASIC3) subfamily,,acid-sensing ion channel 3,ion channel,ligand-gated,cation channel,Sodium,Multi-pass membrane protein,Homomeric,2,3,0
Q96FT7,ASIC4,Tgray,protein,ion channel,amiloride-sensitive Sodium channel family,Acid-sensing ion channel 4 (ASIC4) subfamily,,acid-sensing ion channel 4,ion channel,ligand-gated,cation channel,Sodium,Multi-pass membrane protein,Homomeric,2,3,0
Q9NY37,ASIC5,Tmacro,protein,ion channel,amiloride-sensitive Sodium channel family,Acid-sensing ion channel 5 (ASIC5) subfamily,,acid-sensing ion channel 5,ion channel,ligand-gated,cation channel,Sodium,Multi-pass membrane protein,Homomeric,2,3,0
O76090,BEST1,Tmacro,protein,ion channel,anion channel-forming bestrophin (bestrophin) family,,,bestrophin 1,ion channel,,anion channel,Chloride,Multi-pass membrane protein,Heteromeric,4,6,1
Q8NFU1,BEST2,Tmacro,protein,ion channel,anion channel-forming bestrophin (bestrophin) family,,,bestrophin 2,ion channel,,anion channel,Chloride,Multi-pass membrane protein,Unknown,4,6,1
Q8N1M1,BEST3,Tmacro,protein,ion channel,anion channel-forming bestrophin (bestrophin) family,,,bestrophin 3,ion channel,,anion channel,Chloride,Multi-pass membrane protein,Unknown,4,6,1
Q8NFU0,BEST4,Tgray,protein,ion channel,anion channel-forming bestrophin (bestrophin) family,,,bestrophin 4,ion channel,,anion channel,Chloride,Multi-pass membrane protein,Unknown,4,6,1
P54289,CACNA2D1,Tclin+,protein,ion channel,Calcium channel auxiliary subunit 2 types 1-4 (cca-2) family,,,voltage-dependent Calcium channel subunit alpha-2/delta-1,Auxiliary transport protein,voltage-gated,cation channel,Calcium,Single-pass type I membrane protein,Heteromeric,1,2,0
Q9NY47,CACNA2D2,Tclin+,protein,ion channel,Calcium channel auxiliary subunit 2 types 1-4 (cca-2) family,,,voltage-dependent Calcium channel subunit alpha-2/delta-2,Auxiliary transport protein,voltage-gated,cation channel,Calcium,Single-pass type I membrane protein,Heteromeric,1,2,0
Q8IZS8,CACNA2D3,Tclin+,protein,ion channel,Calcium channel auxiliary subunit 2 types 1-4 (cca-2) family,,,voltage-dependent Calcium channel subunit alpha-2/delta-3,Auxiliary transport protein,voltage-gated,cation channel,Calcium,Single-pass type I membrane protein,Heteromeric,1,2,0
Q7Z3S7,CACNA2D4,Tclin+,protein,ion channel,Calcium channel auxiliary subunit 2 types 1-4 (cca-2) family,,,voltage-dependent Calcium channel subunit alpha-2/delta-4,Auxiliary transport protein,voltage-gated,cation channel,Calcium,Single-pass type I membrane protein,Heteromeric,1,2,0
O00555,CACNA1A,Tclin+,protein,ion channel,Calcium channel alpha-1 subunit family,CACNA1A subfamily,,voltage-dependent P/Q-type Calcium channel subunit alpha-1a,ion channel,voltage-gated,cation channel,Calcium,Multi-pass membrane protein,Heteromeric,24,25,0
Q00975,CACNA1B,Tclin+,protein,ion channel,Calcium channel alpha-1 subunit family,CACNA1B subfamily,,voltage-dependent N-type Calcium channel subunit alpha-1b,ion channel,voltage-gated,cation channel,Calcium,Multi-pass membrane protein,Heteromeric,24,25,0
Q13936,CACNA1C,Tclin+,protein,ion channel,Calcium channel alpha-1 subunit family,CACNA1C subfamily,,voltage-dependent L-type Calcium channel subunit alpha-1c,ion channel,voltage-gated,cation channel,Calcium,Multi-pass membrane protein,Heteromeric,24,25,0
Q01668,CACNA1D,Tclin+,protein,ion channel,Calcium channel alpha-1 subunit family,CACNA1D subfamily,,voltage-dependent L-type Calcium channel subunit alpha-1d,ion channel,voltage-gated,cation channel,Calcium,Multi-pass membrane protein,Heteromeric,24,25,0
Q15878,CACNA1E,Tclin+,protein,ion channel,Calcium channel alpha-1 subunit family,CACNA1E subfamily,,voltage-dependent R-type Calcium channel subunit alpha-1e,ion channel,voltage-gated,cation channel,Calcium,Multi-pass membrane protein,Heteromeric,24,25,0
O60840,CACNA1F,Tclin+,protein,ion channel,Calcium channel alpha-1 subunit family,CACNA1F subfamily,,voltage-dependent L-type Calcium channel subunit alpha-1f,ion channel,voltage-gated,cation channel,Calcium,Multi-pass membrane protein,Heteromeric,24,25,0
O43497,CACNA1G,Tclin+,protein,ion channel,Calcium channel alpha-1 subunit family,CACNA1G subfamily,,voltage-dependent T-type Calcium channel subunit alpha-1g,ion channel,voltage-gated,cation channel,Calcium,Multi-pass membrane protein,Unknown,24,25,0
O95180,CACNA1H,Tclin+,protein,ion channel,Calcium channel alpha-1 subunit family,CACNA1H subfamily,,voltage-dependent T-type Calcium channel subunit alpha-1h,ion channel,voltage-gated,cation channel,Calcium,Multi-pass membrane protein,Unknown,24,25,0
Q9P0X4,CACNA1I,Tclin+,protein,ion channel,Calcium channel alpha-1 subunit family,CACNA1I subfamily,,voltage-dependent T-type Calcium channel subunit alpha-1i,ion channel,voltage-gated,cation channel,Calcium,Multi-pass membrane protein,Heteromeric,24,25,0
Q13698,CACNA1S,Tclin+,protein,ion channel,Calcium channel alpha-1 subunit family,CACNA1S subfamily,,voltage-dependent L-type Calcium channel subunit alpha-1s,ion channel,voltage-gated,cation channel,Calcium,Multi-pass membrane protein,Heteromeric,24,25,0
Q02641,CACNB1,Tclin+,protein,ion channel,Calcium channel auxiliary subunit types 1-4 (cca-) family,,,voltage-dependent l-type Calcium channel subunit beta-1,Auxiliary transport protein,voltage-gated,cation channel,Calcium,Peripheral membrane protein,Heteromeric,0,0,0
Q08289,CACNB2,Tclin+,protein,ion channel,Calcium channel auxiliary subunit types 1-4 (cca-) family,,,voltage-dependent l-type Calcium channel subunit beta-2,Auxiliary transport protein,voltage-gated,cation channel,Calcium,Peripheral membrane protein,Heteromeric,0,0,0
P54284,CACNB3,Tclin+,protein,ion channel,Calcium channel auxiliary subunit types 1-4 (cca-) family,,,voltage-dependent l-type Calcium channel subunit beta-3,Auxiliary transport protein,voltage-gated,cation channel,Calcium,Peripheral membrane protein,Heteromeric,0,0,0
O00305,CACNB4,Tclin+,protein,ion channel,Calcium channel auxiliary subunit types 1-4 (cca-) family,,,voltage-dependent l-type Calcium channel subunit beta-4,Auxiliary transport protein,voltage-gated,cation channel,Calcium,Peripheral membrane protein,Heteromeric,0,0,0
Q8IU99,CALHM1,Tmacro,protein,ion channel,Calcium homeostasis modulator calcium channel (calhm-c) family,,,Calcium homeostasis modulator protein 1,ion channel,voltage-gated,cation channel,Calcium,Multi-pass membrane protein,Homomeric,4,5,0
Q9HA72,CALHM2,Tdark,protein,ion channel,Calcium homeostasis modulator calcium channel (calhm-c) family,,,Calcium homeostasis modulator protein 2,ion channel,voltage-gated,cation channel,Calcium,Multi-pass membrane protein,Unknown,4,0,0
Q86XJ0,CALHM3,Tdark,protein,ion channel,Calcium homeostasis modulator calcium channel (calhm-c) family,,,Calcium homeostasis modulator protein 3,ion channel,voltage-gated,cation channel,Calcium,Multi-pass membrane protein,Unknown,4,0,0
Q06432,CACNG1,Tclin+,protein,ion channel,Calcium channel auxiliary subunit 1-8 (cca) family,,,Voltage-dependent Calcium channel gamma-1 subunit,Auxiliary transport protein,voltage-gated,cation channel,Calcium,Multi-pass membrane protein,Heteromeric,4,0,0
Q9Y698,CACNG2,Tclin+,protein,ion channel,Calcium channel auxiliary subunit 1-8 (cca) family,,,Voltage-dependent Calcium channel gamma-2 subunit,Auxiliary transport protein,voltage-gated,cation channel,Calcium,Multi-pass membrane protein,Heteromeric,4,0,0
O60359,CACNG3,Tclin+,protein,ion channel,Calcium channel auxiliary subunit 1-8 (cca) family,,,Voltage-dependent Calcium channel gamma-3 subunit,Auxiliary transport protein,voltage-gated,cation channel,Calcium,Multi-pass membrane protein,Heteromeric,4,0,0
Q9UBN1,CACNG4,Tclin+,protein,ion channel,Calcium channel auxiliary subunit 1-8 (cca) family,,,Voltage-dependent Calcium channel gamma-4 subunit,Auxiliary transport protein,voltage-gated,cation channel,Calcium,Multi-pass membrane protein,Heteromeric,4,5,0
Q9UF02,CACNG5,Tclin+,protein,ion channel,Calcium channel auxiliary subunit 1-8 (cca) family,,,Voltage-dependent Calcium channel gamma-5 subunit,Auxiliary transport protein,voltage-gated,cation channel,Calcium,Multi-pass membrane protein,Heteromeric,4,0,0
Q9BXT2,CACNG6,Tclin+,protein,ion channel,Calcium channel auxiliary subunit 1-8 (cca) family,,,Voltage-dependent Calcium channel gamma-6 subunit,Auxiliary transport protein,voltage-gated,cation channel,Calcium,Multi-pass membrane protein,Heteromeric,4,0,0
P62955,CACNG7,Tclin+,protein,ion channel,Calcium channel auxiliary subunit 1-8 (cca) family,,,Voltage-dependent Calcium channel gamma-7 subunit,Auxiliary transport protein,voltage-gated,cation channel,Calcium,Multi-pass membrane protein,Heteromeric,4,0,0
Q8WXS5,CACNG8,Tclin+,protein,ion channel,Calcium channel auxiliary subunit 1-8 (cca) family,,,Voltage-dependent Calcium channel gamma-8 subunit,Auxiliary transport protein,voltage-gated,cation channel,Calcium,Multi-pass membrane protein,Heteromeric,5,0,0
Q8WXS4,TMEM37,Tdark,protein,ion channel,PMP-22/EMP/MP20 family,CACNG subfamily,,Voltage-dependent Calcium channel gamma-like subunit,ion channel,voltage-gated,cation channel,Calcium,Multi-pass membrane protein,Heteromeric,4,0,0
P13569,CFTR,Tclin+,protein,ion channel,ABCC family,CFTR transporter subfamily,,Cystic fibrosis transmembrane conductance regulator,Primary Active Transporter,the atp-binding cassette (abc) superfamily,anion transporter,Chloride,Multi-pass membrane protein,Heteromeric,12,13,0
A8K7I4,CLCA1,Tmacro,protein,ion channel,epithelial chloride channel (e-clc) family,,,Calcium-activated chloride channel regulator 1,ion channel,,anion channel,Chloride,Peripheral membrane protein,Unknown,0,0,0
Q9UQC9,CLCA2,Tmacro,protein,ion channel,epithelial chloride channel (e-clc) family,,,Calcium-activated chloride channel regulator 2,ion channel,ligand-gated,anion channel,Chloride,Single-pass type I membrane protein,Unknown,1,2,0
Q9Y6N3,CLCA3P,Tdark,protein,ion channel,epithelial chloride channel (e-clc) family,,,Calcium-activated chloride channel regulator family member 3,ion channel,voltage-gated,anion channel,Chloride,,Unknown,0,0,0
Q14CN2,CLCA4,Tgray,protein,ion channel,epithelial chloride channel (e-clc) family,,,Calcium-activated chloride channel regulator 4,ion channel,,anion channel,Chloride,Single-pass membrane protein,Unknown,1,0,0
Q96S66,CLCC1,Tmacro,protein,ion channel,intracellular chloride channel (icc) family,,,Chloride channel CLIC-like protein 1,ion channel,,anion channel,Chloride,Multi-pass membrane protein,Unknown,3,0,0
P51800,CLCNKA,Tmacro,protein,ion channel,chloride channel family,CLCNKA subfamily,,Chloride channel protein ClC-Ka,Electrochemical Potential-driven Transporter,voltage-gated,anion channel,Chloride,Multi-pass membrane protein,Homomeric,10,1,0
P51801,CLCNKB,Tmacro,protein,ion channel,chloride channel family,CLCNKB subfamily,,Chloride channel protein ClC-Kb,Electrochemical Potential-driven Transporter,voltage-gated,anion channel,Chloride,Multi-pass membrane protein,Heteromeric,11,1,0
P35523,CLCN1,Tmacro,protein,ion channel,chloride channel family,ClC-1/CLCN1 subfamily,,Chloride channel protein 1,Electrochemical Potential-driven Transporter,voltage-gated,anion channel,Chloride,Multi-pass membrane protein,Homomeric,10,2,7
P51788,CLCN2,Tclin+,protein,ion channel,chloride channel family,ClC-2/CLCN2 subfamily,,Chloride channel protein 2,Electrochemical Potential-driven Transporter,voltage-gated,anion channel,Chloride,Multi-pass membrane protein,Unknown,10,2,7
P51790,CLCN3,Tmacro,protein,ion channel,chloride channel family,ClC-3/CLCN3 subfamily,,H(+)/Cl(-) exchange transporter 3,Electrochemical Potential-driven Transporter,voltage-gated,anion channel,Chloride,Multi-pass membrane protein,Bimeric,10,2,6
P51793,CLCN4,Tmacro,protein,ion channel,chloride channel family,ClC-4/CLCN4 subfamily,,H(+)/Cl(-) exchange transporter 4,Electrochemical Potential-driven Transporter,voltage-gated,anion channel,Chloride,Multi-pass membrane protein,Unknown,10,2,6
P51795,CLCN5,Tmacro,protein,ion channel,chloride channel family,ClC-5/CLCN5 subfamily,,H(+)/Cl(-) exchange transporter 5,Electrochemical Potential-driven Transporter,voltage-gated,anion channel,Chloride,Multi-pass membrane protein,Heteromeric,10,2,7
P51797,CLCN6,Tmacro,protein,ion channel,chloride channel family,ClC-6/CLCN6 subfamily,,Chloride transport protein 6,Electrochemical Potential-driven Transporter,voltage-gated,anion channel,Chloride,Multi-pass membrane protein,Unknown,10,2,7
P51798,CLCN7,Tmacro,protein,ion channel,chloride channel family,ClC-7/CLCN7 subfamily,,H(+)/Cl(-) exchange transporter 7,Electrochemical Potential-driven Transporter,voltage-gated,anion channel,Chloride,Multi-pass membrane protein,Heteromeric,10,2,7
O00299,CLIC1,Tmacro,protein,ion channel,intracellular chloride channel (clic) family,,,Chloride intracellular channel protein 1,ion channel,voltage-gated,anion channel,Chloride,Single-pass membrane protein,Monomer,1,0,0
O15247,CLIC2,Tgray,protein,ion channel,intracellular chloride channel (clic) family,,,Chloride intracellular channel protein 2,ion channel,voltage-gated,anion channel,Chloride,Single-pass membrane protein,Monomer,1,0,0
O95833,CLIC3,Tgray,protein,ion channel,intracellular chloride channel (clic) family,,,Chloride intracellular channel protein 3,ion channel,voltage-gated,anion channel,Chloride,Single-pass membrane protein,Heteromeric,1,0,0
Q9Y696,CLIC4,Tmacro,protein,ion channel,intracellular chloride channel (clic) family,,,Chloride intracellular channel protein 4,ion channel,voltage-gated,anion channel,Chloride,Single-pass membrane protein,Heteromeric,1,0,0
Q9NZA1,CLIC5,Tgray,protein,ion channel,intracellular chloride channel (clic) family,,,Chloride intracellular channel protein 5,ion channel,voltage-gated,anion channel,Chloride,Single-pass membrane protein,Heteromeric,1,0,0
Q96NY7,CLIC6,Tgray,protein,ion channel,intracellular chloride channel (clic) family,,,Chloride intracellular channel protein 6,ion channel,voltage-gated,anion channel,Chloride,Single-pass membrane protein,Heteromeric,1,0,0
P29973,CNGA1,Tmacro,protein,ion channel,cyclic nucleotide-gated cation channel family,CNGA1 subfamily,,cGMP-gated cation channel alpha-1,ion channel,ligand-gated/voltage-gated,cation channel,"Potassium,cation",Multi-pass membrane protein,Heteromeric,6,7,0
Q16280,CNGA2,Tchem,protein,ion channel,cyclic nucleotide-gated cation channel family,CNGA2 subfamily,,Cyclic nucleotide-gated olfactory channel,ion channel,ligand-gated/voltage-gated,cation channel,"Potassium,cation",Multi-pass membrane protein,Heteromeric,6,7,0
Q16281,CNGA3,Tmacro,protein,ion channel,cyclic nucleotide-gated cation channel family,CNGA3 subfamily,,Cyclic nucleotide-gated cation channel alpha-3,ion channel,ligand-gated/voltage-gated,cation channel,"Potassium,cation",Multi-pass membrane protein,Heteromeric,6,7,0
Q8IV77,CNGA4,Tdark,protein,ion channel,cyclic nucleotide-gated cation channel family,CNGA4 subfamily,,Cyclic nucleotide-gated cation channel alpha-4,ion channel,ligand-gated/voltage-gated,cation channel,"Potassium,cation",Multi-pass membrane protein,Heteromeric,6,7,0
Q14028,CNGB1,Tmacro,protein,ion channel,cyclic nucleotide-gated cation channel family,CNGB1 subfamily,,Cyclic nucleotide-gated cation channel beta-1,ion channel,ligand-gated/voltage-gated,cation channel,"Potassium,cation",Multi-pass membrane protein,Heteromeric,6,7,0
Q9NQW8,CNGB3,Tmacro,protein,ion channel,cyclic nucleotide-gated cation channel family,CNGB3 subfamily,,Cyclic nucleotide-gated cation channel beta-3,ion channel,ligand-gated/voltage-gated,cation channel,"Potassium,cation",Multi-pass membrane protein,Heteromeric,6,7,0
Q96D31,ORAI1,Tchem,protein,ion channel,Calcium release-activated calcium (crac) channel (crac-c) family,,,Calcium release-activated Calcium channel protein 1,ion channel,,cation channel,Calcium,Multi-pass membrane protein,Heteromeric,4,5,0
Q9Y2W7,KCNIP3,Tmacro,protein,ion channel,,,,Calsenilin,ion channel,voltage-gated,cation channel,Potassium,Lipid Anchored,Bimeric,0,0,0
Q8NEC5,CATSPER1,Tclin,protein,ion channel,cation channel sperm-associated family,,,cation channel sperm-associated protein 1,ion channel,voltage-gated,cation channel,Calcium,Multi-pass membrane protein,Heteromeric,6,8,1
Q96P56,CATSPER2,Tclin,protein,ion channel,cation channel sperm-associated family,,,cation channel sperm-associated protein 2,ion channel,voltage-gated,cation channel,Calcium,Multi-pass membrane protein,Heteromeric,6,8,1
Q86XQ3,CATSPER3,Tclin,protein,ion channel,cation channel sperm-associated family,,,cation channel sperm-associated protein 3,ion channel,voltage-gated,cation channel,Calcium,Multi-pass membrane protein,Heteromeric,6,7,1
Q7RTX7,CATSPER4,Tclin,protein,ion channel,cation channel sperm-associated family,,,cation channel sperm-associated protein 4,ion channel,voltage-gated,cation channel,Calcium,Multi-pass membrane protein,Heteromeric,6,8,1
P04839,CYBB,Tchem,protein,ion channel,phagocyte (gp91(phox)) nadph oxidase family,,,Cytochrome b-245 heavy chain,Transmembrane Electron Carrier,voltage-gated,proton channel,proton,Multi-pass membrane protein,Heteromeric,6,7,0
Q5JW98,FAM26D,Tdark,protein,ion channel,Calcium homeostasis modulator calcium channel (calhm-c) family,,,Protein FAM26D,ion channel,voltage-gated,cation channel,"Calcium,cation",Multi-pass membrane protein,Unknown,4,0,0
Q8N5C1,FAM26E,Tdark,protein,ion channel,FAM26 family,,,Protein FAM26E,ion channel,voltage-gated,cation channel,cation,Multi-pass membrane protein,Unknown,4,0,0
Q5R3K3,Protein FAM26F,Tdark,protein,ion channel,FAM26 family,,,Protein FAM26F,ion channel,voltage-gated,cation channel,cation,Multi-pass membrane protein,Unknown,4,0,0
Q14802,FXYD3,Tmacro,protein,ion channel,fxyd family,,,FXYD domain-containing ion transport regulator 3,ion channel,,anion channel,Chloride,Single-pass type I membrane protein,Unknown,1,2,0
P59646,FXYD4,Tgray,protein,ion channel,fxyd family,,,FXYD domain-containing ion transport regulator 4,ion channel,,anion channel,Chloride,Single-pass type I membrane protein,Unknown,1,2,0
Q96DB9,FXYD5,Tmacro,protein,ion channel,phospholemman (plm) family,,,FXYD domain-containing ion transport regulator 5,ion channel,,anion channel,,Single-pass type I membrane protein,Unknown,1,2,0
Q9H0Q3,FXYD6,Tmacro,protein,ion channel,phospholemman (plm) family,,,FXYD domain-containing ion transport regulator 6,ion channel,,anion channel,,Single-pass type I membrane protein,Unknown,1,2,0
P58549,FXYD7,Tgray,protein,ion channel,fxyd family,,,FXYD domain-containing ion transport regulator 7,ion channel,,anion channel,,Single-pass membrane protein,Unknown,1,0,0
P58550,FXYD6P3,Tdark,protein,ion channel,fxyd family,,,Putative FXYD domain-containing ion transport regulator 8,ion channel,,anion channel,,Single-pass type I membrane protein,Unknown,1,2,0
P14867,GABRA1,Tclin+,protein,ion channel,"neurotransmitter receptor, cys loop, ligand-gated ion channel (lic) family",Gamma-aminobutyric acid receptor subfamily,GABRA1 sub-subfamily,Gamma-aminobutyric acid receptor subunit alpha-1,ion channel,ligand-gated,anion channel,Chloride,Multi-pass membrane protein,Heteromeric,4,2,0
P47869,GABRA2,Tclin+,protein,ion channel,"neurotransmitter receptor, cys loop, ligand-gated ion channel (lic) family",Gamma-aminobutyric acid receptor subfamily,GABRA2 sub-subfamily,Gamma-aminobutyric acid receptor subunit alpha-2,ion channel,ligand-gated,anion channel,Chloride,Multi-pass membrane protein,Heteromeric,4,2,0
P34903,GABRA3,Tclin+,protein,ion channel,"neurotransmitter receptor, cys loop, ligand-gated ion channel (lic) family",Gamma-aminobutyric acid receptor subfamily,GABRA3 sub-subfamily,Gamma-aminobutyric acid receptor subunit alpha-3,ion channel,ligand-gated,anion channel,Chloride,Multi-pass membrane protein,Heteromeric,4,2,0
P48169,GABRA4,Tclin+,protein,ion channel,"neurotransmitter receptor, cys loop, ligand-gated ion channel (lic) family",Gamma-aminobutyric acid receptor subfamily,GABRA4 sub-subfamily,Gamma-aminobutyric acid receptor subunit alpha-4,ion channel,ligand-gated,anion channel,Chloride,Multi-pass membrane protein,Heteromeric,4,2,0
P31644,GABRA5,Tclin+,protein,ion channel,"neurotransmitter receptor, cys loop, ligand-gated ion channel (lic) family",Gamma-aminobutyric acid receptor subfamily,GABRA5 sub-subfamily,Gamma-aminobutyric acid receptor subunit alpha-5,ion channel,ligand-gated,anion channel,Chloride,Multi-pass membrane protein,Heteromeric,4,2,0
Q16445,GABRA6,Tclin+,protein,ion channel,"neurotransmitter receptor, cys loop, ligand-gated ion channel (lic) family",Gamma-aminobutyric acid receptor subfamily,GABRA6 sub-subfamily,Gamma-aminobutyric acid receptor subunit alpha-6,ion channel,ligand-gated,anion channel,Chloride,Multi-pass membrane protein,Heteromeric,4,2,0
P18505,GABRB1,Tclin+,protein,ion channel,"neurotransmitter receptor, cys loop, ligand-gated ion channel (lic) family",Gamma-aminobutyric acid receptor subfamily,GABRB1 sub-subfamily,Gamma-aminobutyric acid receptor subunit beta-1,ion channel,ligand-gated,anion channel,Chloride,Multi-pass membrane protein,Heteromeric,4,2,0
P47870,GABRB2,Tclin+,protein,ion channel,"neurotransmitter receptor, cys loop, ligand-gated ion channel (lic) family",Gamma-aminobutyric acid receptor subfamily,GABRB2 sub-subfamily,Gamma-aminobutyric acid receptor subunit beta-2,ion channel,ligand-gated,anion channel,Chloride,Multi-pass membrane protein,Heteromeric,4,2,0
P28472,GABRB3,Tclin+,protein,ion channel,"neurotransmitter receptor, cys loop, ligand-gated ion channel (lic) family",Gamma-aminobutyric acid receptor subfamily,GABRB3 sub-subfamily,Gamma-aminobutyric acid receptor subunit beta-3,ion channel,ligand-gated,anion channel,Chloride,Multi-pass membrane protein,Bimeric,4,4,0
O14764,GABRD,Tclin+,protein,ion channel,"neurotransmitter receptor, cys loop, ligand-gated ion channel (lic) family",Gamma-aminobutyric acid receptor subfamily,GABRD sub-subfamily,Gamma-aminobutyric acid receptor subunit delta,ion channel,ligand-gated,anion channel,Chloride,Multi-pass membrane protein,Heteromeric,4,2,0
P78334,GABRE,Tclin+,protein,ion channel,"neurotransmitter receptor, cys loop, ligand-gated ion channel (lic) family",Gamma-aminobutyric acid receptor subfamily,GABRE sub-subfamily,Gamma-aminobutyric acid receptor subunit epsilon,ion channel,ligand-gated,anion channel,Chloride,Multi-pass membrane protein,Heteromeric,4,2,0
Q8N1C3,GABRG1,Tclin+,protein,ion channel,"neurotransmitter receptor, cys loop, ligand-gated ion channel (lic) family",Gamma-aminobutyric acid receptor subfamily,GABRG1 sub-subfamily,Gamma-aminobutyric acid receptor subunit gamma-1,ion channel,ligand-gated,anion channel,Chloride,Multi-pass membrane protein,Heteromeric,4,2,0
P18507,GABRG2,Tclin+,protein,ion channel,"neurotransmitter receptor, cys loop, ligand-gated ion channel (lic) family",Gamma-aminobutyric acid receptor subfamily,GABRG2 sub-subfamily,Gamma-aminobutyric acid receptor subunit gamma-2,ion channel,ligand-gated,anion channel,Chloride,Multi-pass membrane protein,Heteromeric,4,2,0
Q99928,GABRG3,Tclin+,protein,ion channel,"neurotransmitter receptor, cys loop, ligand-gated ion channel (lic) family",Gamma-aminobutyric acid receptor subfamily,GABRG3 sub-subfamily,Gamma-aminobutyric acid receptor subunit gamma-3,ion channel,ligand-gated,anion channel,Chloride,Multi-pass membrane protein,Heteromeric,4,2,0
O00591,GABRP,Tclin+,protein,ion channel,"neurotransmitter receptor, cys loop, ligand-gated ion channel (lic) family",Gamma-aminobutyric acid receptor subfamily,GABRP sub-subfamily,Gamma-aminobutyric acid receptor subunit pi,ion channel,ligand-gated,anion channel,Chloride,Multi-pass membrane protein,Heteromeric,4,2,0
P24046,GABRR1,Tclin,protein,ion channel,"neurotransmitter receptor, cys loop, ligand-gated ion channel (lic) family",Gamma-aminobutyric acid receptor subfamily,GABRR1 sub-subfamily,Gamma-aminobutyric acid receptor subunit rho-1,ion channel,ligand-gated,anion channel,Chloride,Multi-pass membrane protein,Heteromeric,4,2,0
P28476,GABRR2,Tchem,protein,ion channel,"neurotransmitter receptor, cys loop, ligand-gated ion channel (lic) family",Gamma-aminobutyric acid receptor subfamily,GABRR2 sub-subfamily,Gamma-aminobutyric acid receptor subunit rho-2,ion channel,ligand-gated,anion channel,Chloride,Multi-pass membrane protein,Heteromeric,4,2,0
A8MPY1,GABRR3,Tchem,protein,ion channel,"neurotransmitter receptor, cys loop, ligand-gated ion channel (lic) family",Gamma-aminobutyric acid receptor subfamily,GABRR3 sub-subfamily,Gamma-aminobutyric acid receptor subunit rho-3,ion channel,ligand-gated,anion channel,Chloride,Multi-pass membrane protein,Heteromeric,4,4,0
Q9UN88,GABRQ,Tclin+,protein,ion channel,"neurotransmitter receptor, cys loop, ligand-gated ion channel (lic) family",Gamma-aminobutyric acid receptor subfamily,GABRQ sub-subfamily,Gamma-aminobutyric acid receptor subunit theta,ion channel,ligand-gated,anion channel,Chloride,Multi-pass membrane protein,Heteromeric,3,1,0
P23415,GLRA1,Tclin+,protein,ion channel,"neurotransmitter receptor, cys loop, ligand-gated ion channel (lic) family",Glycine receptor subfamily,GLRA1 sub-subfamily,Glycine receptor subunit alpha-1,ion channel,ligand-gated,anion channel,Chloride,Multi-pass membrane protein,Heteromeric,4,2,0
P23416,GLRA2,Tclin,protein,ion channel,"neurotransmitter receptor, cys loop, ligand-gated ion channel (lic) family",Glycine receptor subfamily,GLRA2 sub-subfamily,Glycine receptor subunit alpha-2,ion channel,ligand-gated,anion channel,Chloride,Multi-pass membrane protein,Heteromeric,4,2,0
O75311,GLRA3,Tclin,protein,ion channel,"neurotransmitter receptor, cys loop, ligand-gated ion channel (lic) family",Glycine receptor subfamily,GLRA3 sub-subfamily,Glycine receptor subunit alpha-3,ion channel,ligand-gated,anion channel,Chloride,Multi-pass membrane protein,Heteromeric,4,2,0
Q5JXX5,GLRA4,Tdark,protein,ion channel,"neurotransmitter receptor, cys loop, ligand-gated ion channel (lic) family",Glycine receptor subfamily,GLRA4 sub-subfamily,Glycine receptor subunit alpha-4,ion channel,ligand-gated,anion channel,Chloride,Multi-pass membrane protein,Heteromeric,2,3,0
P48167,GLRB,Tclin+,protein,ion channel,"neurotransmitter receptor, cys loop, ligand-gated ion channel (lic) family",Glycine receptor subfamily,GLRB sub-subfamily,Glycine receptor subunit beta,ion channel,ligand-gated,anion channel,Chloride,Multi-pass membrane protein,Heteromeric,4,2,0
B7ZAQ6,GPR89A,Tdark,protein,ion channel,Golgi pH regulator family,,,Golgi pH regulator A,ion channel,voltage-gated,anion channel,Anion,Multi-pass membrane protein,Homomeric,9,0,0
P0CG08,GPR89B,Tdark,protein,ion channel,Golgi pH regulator family,,,Golgi pH regulator B,ion channel,voltage-gated,anion channel,Anion,Multi-pass membrane protein,Homomeric,9,0,0
P42261,GRIA1,Tclin+,protein,ion channel,Glutamate-gated Ion Channel (GIC) Family of Neurotransmitter Receptors,GRIA1 subfamily,,Glutamate receptor 1,ion channel,ligand-gated,cation channel,cation,Multi-pass membrane protein,Homomeric,3,5,2
P42262,GRIA2,Tclin+,protein,ion channel,Glutamate-gated Ion Channel (GIC) Family of Neurotransmitter Receptors,GRIA2 subfamily,,Glutamate receptor 2,ion channel,ligand-gated,cation channel,cation,Multi-pass membrane protein,Homomeric,3,5,2
P42263,GRIA3,Tclin+,protein,ion channel,Glutamate-gated Ion Channel (GIC) Family of Neurotransmitter Receptors,GRIA3 subfamily,,Glutamate receptor 3,ion channel,ligand-gated,cation channel,cation,Multi-pass membrane protein,Homomeric,3,5,2
P48058,GRIA4,Tclin+,protein,ion channel,Glutamate-gated Ion Channel (GIC) Family of Neurotransmitter Receptors,GRIA4 subfamily,,Glutamate receptor 4,ion channel,ligand-gated,cation channel,cation,Multi-pass membrane protein,Homomeric,3,5,2
Q9ULK0,GRID1,Tmacro,protein,ion channel,Glutamate-gated Ion Channel (GIC) Family of Neurotransmitter Receptors,GRID1 subfamily,,"Glutamate receptor ionotropic, delta-1",ion channel,ligand-gated,cation channel,cation,Multi-pass membrane protein,Heteromeric,3,4,0
O43424,GRID2,Tmacro,protein,ion channel,Glutamate-gated Ion Channel (GIC) Family of Neurotransmitter Receptors,GRID2 subfamily,,"Glutamate receptor ionotropic, delta-2",ion channel,ligand-gated,cation channel,cation,Multi-pass membrane protein,Heteromeric,3,4,0
P39086,GRIK1,Tclin+,protein,ion channel,Glutamate-gated Ion Channel (GIC) Family of Neurotransmitter Receptors,GRIK1 subfamily,,"Glutamate receptor ionotropic, kainate 1",ion channel,ligand-gated,cation channel,cation,Multi-pass membrane protein,Homomeric,3,4,0
Q13002,GRIK2,Tclin+,protein,ion channel,Glutamate-gated Ion Channel (GIC) Family of Neurotransmitter Receptors,GRIK2 subfamily,,"Glutamate receptor ionotropic, kainate 2",ion channel,ligand-gated,cation channel,cation,Multi-pass membrane protein,Homomeric,3,4,0
Q13003,GRIK3,Tclin+,protein,ion channel,Glutamate-gated Ion Channel (GIC) Family of Neurotransmitter Receptors,GRIK3 subfamily,,"Glutamate receptor ionotropic, kainate 3",ion channel,ligand-gated,cation channel,cation,Multi-pass membrane protein,Homomeric,3,4,0
Q16099,GRIK4,Tclin+,protein,ion channel,Glutamate-gated Ion Channel (GIC) Family of Neurotransmitter Receptors,GRIK4 subfamily,,"Glutamate receptor ionotropic, kainate 4",ion channel,ligand-gated,cation channel,cation,Multi-pass membrane protein,Heteromeric,3,4,0
Q16478,GRIK5,Tclin+,protein,ion channel,Glutamate-gated Ion Channel (GIC) Family of Neurotransmitter Receptors,GRIK5 subfamily,,"Glutamate receptor ionotropic, kainate 5",ion channel,ligand-gated,cation channel,cation,Multi-pass membrane protein,Heteromeric,3,4,0
O60741,HCN1,Tclin+,protein,ion channel,cyclic nucleotide-gated cation channel family,,,Potassium/Sodium hyperpolarization-activated cyclic nucleotide-gated channel 1,ion channel,ligand-gated/voltage-gated,cation channel,"Potassium,Sodium",Multi-pass membrane protein,Homomeric,6,8,1
Q9UL51,HCN2,Tclin+,protein,ion channel,cyclic nucleotide-gated cation channel family,,,Potassium/Sodium hyperpolarization-activated cyclic nucleotide-gated channel 2,ion channel,ligand-gated/voltage-gated,cation channel,"Potassium,Sodium",Multi-pass membrane protein,Bimeric,6,8,1
Q9P1Z3,HCN3,Tclin+,protein,ion channel,cyclic nucleotide-gated cation channel family,,,Potassium/Sodium hyperpolarization-activated cyclic nucleotide-gated channel 3,ion channel,ligand-gated/voltage-gated,cation channel,"Potassium,Sodium",Multi-pass membrane protein,Homomeric,6,8,1
Q9Y3Q4,HCN4,Tclin+,protein,ion channel,cyclic nucleotide-gated cation channel family,,,Potassium/Sodium hyperpolarization-activated cyclic nucleotide-gated channel 4,ion channel,ligand-gated/voltage-gated,cation channel,"Potassium,Sodium",Multi-pass membrane protein,Homomeric,6,8,1
Q96D96,HVCN1,Tmacro,protein,ion channel,voltage-gated proton channel (vpc) family,,,voltage-gated hydrogen channel 1,ion channel,voltage-gated,proton channel,proton,Multi-pass membrane protein,Homomeric,4,5,0
P78508,KCNJ10,Tchem,protein,ion channel,inward rectifier-type Potassium channel family,KCNJ10 subfamily,,ATP-sensitive inward rectifier Potassium channel 10,ion channel,voltage-gated,cation channel,Potassium,Multi-pass membrane protein,Heteromeric,2,4,2
Q14654,KCNJ11,Tclin+,protein,ion channel,inward rectifier-type Potassium channel family,KCNJ11 subfamily,,ATP-sensitive inward rectifier Potassium channel 11,ion channel,voltage-gated,cation channel,Potassium,Multi-pass membrane protein,Heteromeric,2,4,2
Q14500,KCNJ12,Tmacro,protein,ion channel,inward rectifier-type Potassium channel family,KCNJ12 subfamily,,ATP-sensitive inward rectifier Potassium channel 12,ion channel,voltage-gated,cation channel,Potassium,Multi-pass membrane protein,Bimeric,2,4,3
O60928,KCNJ13,Tchem,protein,ion channel,inward rectifier-type Potassium channel family,KCNJ13 subfamily,,Inward rectifier Potassium channel 13,ion channel,voltage-gated,cation channel,Potassium,Multi-pass membrane protein,Unknown,2,4,2
Q9UNX9,KCNJ14,Tgray,protein,ion channel,inward rectifier-type Potassium channel family,KCNJ14 subfamily,,ATP-sensitive inward rectifier Potassium channel 14,ion channel,voltage-gated,cation channel,Potassium,Multi-pass membrane protein,Unknown,2,4,2
Q99712,KCNJ15,Tmacro,protein,ion channel,inward rectifier-type Potassium channel family,KCNJ15 subfamily,,ATP-sensitive inward rectifier Potassium channel 15,ion channel,voltage-gated,cation channel,Potassium,Multi-pass membrane protein,Heteromeric,2,4,2
Q9NPI9,KCNJ16,Tgray,protein,ion channel,inward rectifier-type Potassium channel family,KCNJ16 subfamily,,Inward rectifier Potassium channel 16,ion channel,voltage-gated,cation channel,Potassium,Multi-pass membrane protein,Heteromeric,2,4,2
B7U540,KCNJ18,Tgray,protein,ion channel,inward rectifier-type Potassium channel family,KCNJ12 subfamily,,Inward rectifier Potassium channel 18,ion channel,voltage-gated,cation channel,Potassium,Multi-pass membrane protein,Unknown,2,3,0
P48048,KCNJ1,Tclin,protein,ion channel,inward rectifier-type Potassium channel family,KCNJ1 subfamily,,ATP-sensitive inward rectifier Potassium channel 1,ion channel,voltage-gated,cation channel,Potassium,Multi-pass membrane protein,Heteromeric,2,4,2
P63252,KCNJ2,Tmacro,protein,ion channel,inward rectifier-type Potassium channel family,KCNJ2 subfamily,,Inward rectifier Potassium channel 2,ion channel,voltage-gated,cation channel,Potassium,Multi-pass membrane protein,Bimeric,2,4,2
P48549,KCNJ3,Tchem,protein,ion channel,inward rectifier-type Potassium channel family,KCNJ3 subfamily,,G protein-activated inward rectifier Potassium channel 1,ion channel,voltage-gated,cation channel,Potassium,Multi-pass membrane protein,Heteromeric,2,4,2
P48050,KCNJ4,Tclin,protein,ion channel,inward rectifier-type Potassium channel family,KCNJ4 subfamily,,Inward rectifier Potassium channel 4,ion channel,voltage-gated,cation channel,Potassium,Multi-pass membrane protein,Bimeric,2,4,2
P48544,KCNJ5,Tclin+,protein,ion channel,inward rectifier-type Potassium channel family,KCNJ5 subfamily,,G protein-activated inward rectifier Potassium channel 4,ion channel,voltage-gated,cation channel,Potassium,Multi-pass membrane protein,Heteromeric,2,4,2
P48051,KCNJ6,Tclin,protein,ion channel,inward rectifier-type Potassium channel family,KCNJ6 subfamily,,G protein-activated inward rectifier Potassium channel 2,ion channel,voltage-gated,cation channel,Potassium,Multi-pass membrane protein,Heteromeric,2,4,2
Q15842,KCNJ8,Tclin+,protein,ion channel,inward rectifier-type Potassium channel family,KCNJ8 subfamily,,ATP-sensitive inward rectifier Potassium channel 8,ion channel,voltage-gated,cation channel,Potassium,Multi-pass membrane protein,Unknown,2,4,2
Q92806,KCNJ9,Tgray,protein,ion channel,inward rectifier-type Potassium channel family,KCNJ9 subfamily,,G protein-activated inward rectifier Potassium channel 3,ion channel,voltage-gated,cation channel,Potassium,Multi-pass membrane protein,Heteromeric,2,4,2
Q14643,ITPR1,Tchem,protein,ion channel,"ryanodine-inositol 1,4,5-triphosphate receptor calcium channel (rir-cac) family",,,"Inositol 1,4,5-trisphosphate receptor type 1",ion channel,ligand-gated,cation channel,Calcium,Multi-pass membrane protein,Homomeric,6,4,0
Q14571,ITPR2,Tchem,protein,ion channel,"ryanodine-inositol 1,4,5-triphosphate receptor calcium channel (rir-cac) family",,,"Inositol 1,4,5-trisphosphate receptor type 2",ion channel,ligand-gated,cation channel,Calcium,Multi-pass membrane protein,Homomeric,6,7,0
Q14573,ITPR3,Tchem,protein,ion channel,"ryanodine-inositol 1,4,5-triphosphate receptor calcium channel (rir-cac) family",,,"Inositol 1,4,5-trisphosphate receptor type 3",ion channel,ligand-gated,cation channel,Calcium,Multi-pass membrane protein,Homomeric,6,7,0
Q16322,KCNA10,Tclin+,protein,ion channel,Potassium channel family,A (Shaker) subfamily,Kv1.8/KCNA10 sub-subfamily,Potassium voltage-gated channel subfamily A member 10,ion channel,voltage-gated,cation channel,Potassium,Multi-pass membrane protein,Homomeric,6,0,0
Q14722,KCNAB1,Tmacro,protein,ion channel,voltage-gated potassium channel -subunit (kv) family,,,voltage-gated Potassium channel subunit beta-1,Auxiliary transport protein,voltage-gated,cation channel,Potassium,,Heteromeric,0,0,0
Q13303,KCNAB2,Tgray,protein,ion channel,voltage-gated potassium channel -subunit (kv) family,,,voltage-gated Potassium channel subunit beta-2,Auxiliary transport protein,voltage-gated,cation channel,Potassium,,Heteromeric,0,0,0
O43448,KCNAB3,Tgray,protein,ion channel,voltage-gated potassium channel -subunit (kv) family,,,voltage-gated Potassium channel subunit beta-3,Auxiliary transport protein,voltage-gated,cation channel,Potassium,,Heteromeric,0,0,0
Q9NZI2,KCNIP1,Tmacro,protein,ion channel,,,,Kv channel-interacting protein 1,ion channel,voltage-gated,cation channel,Potassium,Peripheral membrane protein,Heteromeric,0,0,0
Q9NS61,KCNIP2,Tmacro,protein,ion channel,,,,Kv channel-interacting protein 2,ion channel,voltage-gated,cation channel,Potassium,Lipid Anchored,Heteromeric,0,0,0
Q6PIL6,KCNIP4,Tmacro,protein,ion channel,the phagocyte (gp91(phox)) nadph oxidase family,,,Kv channel-interacting protein 4,Transmembrane Electron Carrier,voltage-gated,cation channel,Potassium,Peripheral membrane protein,Heteromeric,0,0,0
Q12791,KCNMA1,Tclin+,protein,ion channel,Potassium channel family,Calcium-activated subfamily,KCa1.1/KCNMA1 sub-subfamily,Calcium-activated Potassium channel subunit alpha-1,ion channel,voltage-gated,cation channel,Potassium,Multi-pass membrane protein,Homomeric,7,9,1
Q16558,KCNMB1,Tmacro,protein,ion channel,Calcium-activated potassium channel auxiliary subunit slowpoke- (slo) family,KCNMB/KCNMB1 subfamily,,Calcium-activated Potassium channel subunit beta-1,Auxiliary transport protein,,cation channel,Potassium,Multi-pass membrane protein,Heteromeric,2,3,0
Q9Y691,KCNMB2,Tmacro,protein,ion channel,Calcium-activated potassium channel auxiliary subunit slowpoke- (slo) family,KCNMB/KCNMB2 subfamily,,Calcium-activated Potassium channel subunit beta-2,Auxiliary transport protein,,cation channel,Potassium,Multi-pass membrane protein,Heteromeric,2,3,0
Q9NPA1,KCNMB3,Tmacro,protein,ion channel,Calcium-activated potassium channel auxiliary subunit slowpoke- (slo) family,KCNMB/KCNMB3 subfamily,,Calcium-activated Potassium channel subunit beta-3,Auxiliary transport protein,,cation channel,Potassium,Multi-pass membrane protein,Heteromeric,2,3,0
Q86W47,KCNMB4,Tmacro,protein,ion channel,Calcium-activated potassium channel auxiliary subunit slowpoke- (slo) family,KCNMB/KCNMB4 subfamily,,Calcium-activated Potassium channel subunit beta-4,ion channel,,cation channel,Potassium,Multi-pass membrane protein,Heteromeric,2,3,0
Q09470,KCNA1,Tclin+,protein,ion channel,Potassium channel family,A (Shaker) subfamily,Kv1.1/KCNA1 sub-subfamily,Potassium voltage-gated channel subfamily A member 1,ion channel,voltage-gated,cation channel,Potassium,Multi-pass membrane protein,Heteromeric,6,0,0
P16389,KCNA2,Tclin+,protein,ion channel,Potassium channel family,A (Shaker) subfamily,Kv1.2/KCNA2 sub-subfamily,Potassium voltage-gated channel subfamily A member 2,ion channel,voltage-gated,cation channel,Potassium,Multi-pass membrane protein,Heteromeric,6,0,0
P22001,KCNA3,Tclin+,protein,ion channel,Potassium channel family,A (Shaker) subfamily,Kv1.3/KCNA3 sub-subfamily,Potassium voltage-gated channel subfamily A member 3,ion channel,voltage-gated,cation channel,Potassium,Multi-pass membrane protein,Heteromeric,6,7,0
P22459,KCNA4,Tclin+,protein,ion channel,Potassium channel family,A (Shaker) subfamily,Kv1.4/KCNA4 sub-subfamily,Potassium voltage-gated channel subfamily A member 4,ion channel,voltage-gated,cation channel,Potassium,Multi-pass membrane protein,Heteromeric,6,0,0
P22460,KCNA5,Tclin+,protein,ion channel,Potassium channel family,A (Shaker) subfamily,Kv1.5/KCNA5 sub-subfamily,Potassium voltage-gated channel subfamily A member 5,ion channel,voltage-gated,cation channel,Potassium,Multi-pass membrane protein,Heteromeric,6,0,0
P17658,KCNA6,Tclin+,protein,ion channel,Potassium channel family,A (Shaker) subfamily,Kv1.6/KCNA6 sub-subfamily,Potassium voltage-gated channel subfamily A member 6,ion channel,voltage-gated,cation channel,Potassium,Multi-pass membrane protein,Heteromeric,6,0,0
Q96RP8,KCNA7,Tclin+,protein,ion channel,Potassium channel family,A (Shaker) subfamily,Kv1.7/KCNA7 sub-subfamily,Potassium voltage-gated channel subfamily A member 7,ion channel,voltage-gated,cation channel,Potassium,Multi-pass membrane protein,Heteromeric,6,0,0
Q14721,KCNB1,Tclin+,protein,ion channel,Potassium channel family,B (Shab) subfamily,Kv2.1/KCNB1 sub-subfamily,Potassium voltage-gated channel subfamily B member 1,ion channel,voltage-gated,cation channel,Potassium,Multi-pass membrane protein,Heteromeric,6,4,1
Q92953,KCNB2,Tclin+,protein,ion channel,Potassium channel family,B (Shab) subfamily,Kv2.2/KCNB2 sub-subfamily,Potassium voltage-gated channel subfamily B member 2,ion channel,voltage-gated,cation channel,Potassium,Multi-pass membrane protein,Heteromeric,6,4,1
P48547,KCNC1,Tclin+,protein,ion channel,Potassium channel family,C (Shaw) subfamily,Kv3.1/KCNC1 sub-subfamily,Potassium voltage-gated channel subfamily C member 1,ion channel,voltage-gated,cation channel,Potassium,Multi-pass membrane protein,Heteromeric,6,4,0
Q96PR1,KCNC2,Tclin+,protein,ion channel,Potassium channel family,C (Shaw) subfamily,Kv3.2/KCNC2 sub-subfamily,Potassium voltage-gated channel subfamily C member 2,ion channel,voltage-gated,cation channel,Potassium,Multi-pass membrane protein,Bimeric,6,4,0
Q14003,KCNC3,Tclin+,protein,ion channel,Potassium channel family,C (Shaw) subfamily,Kv3.3/KCNC3 sub-subfamily,Potassium voltage-gated channel subfamily C member 3,ion channel,voltage-gated,cation channel,Potassium,Multi-pass membrane protein,Heteromeric,6,4,0
Q03721,KCNC4,Tclin+,protein,ion channel,Potassium channel family,C (Shaw) subfamily,Kv3.4/KCNC4 sub-subfamily,Potassium voltage-gated channel subfamily C member 4,ion channel,voltage-gated,cation channel,Potassium,Multi-pass membrane protein,Homomeric,6,4,0
Q9NSA2,KCND1,Tclin+,protein,ion channel,Potassium channel family,D (Shal) subfamily,Kv4.1/KCND1 sub-subfamily,Potassium voltage-gated channel subfamily D member 1,ion channel,voltage-gated,cation channel,Potassium,Multi-pass membrane protein,Homomeric,6,4,1
Q9NZV8,KCND2,Tclin+,protein,ion channel,Potassium channel family,D (Shal) subfamily,Kv4.2/KCND2 sub-subfamily,Potassium voltage-gated channel subfamily D member 2,ion channel,voltage-gated,cation channel,Potassium,Multi-pass membrane protein,Homomeric,6,4,1
Q9UK17,KCND3,Tclin+,protein,ion channel,Potassium channel family,D (Shal) subfamily,Kv4.3/KCND3 sub-subfamily,Potassium voltage-gated channel subfamily D member 3,ion channel,voltage-gated,cation channel,Potassium,Multi-pass membrane protein,Homomeric,6,4,1
P15382,KCNE1,Tchem,protein,ion channel,Potassium channel family,KCNE subfamily,,Potassium voltage-gated channel subfamily E member 1,ion channel,voltage-gated,cation channel,Potassium,Single-pass type I membrane protein,Heteromeric,1,1,0
Q9Y6J6,KCNE2,Tmacro,protein,ion channel,Potassium channel family,KCNE subfamily,,Potassium voltage-gated channel subfamily E member 2,ion channel,voltage-gated,cation channel,Potassium,Single-pass type I membrane protein,Heteromeric,1,1,0
Q9Y6H6,KCNE3,Tmacro,protein,ion channel,Potassium channel family,KCNE subfamily,,Potassium voltage-gated channel subfamily E member 3,ion channel,voltage-gated,cation channel,Potassium,Single-pass type I membrane protein,Heteromeric,1,1,0
Q8WWG9,KCNE4,Tmacro,protein,ion channel,Potassium channel family,KCNE subfamily,,Potassium voltage-gated channel subfamily E member 4,ion channel,voltage-gated,cation channel,Potassium,Single-pass membrane protein,Heteromeric,1,2,0
Q9H3M0,KCNF1,Tclin+,protein,ion channel,Potassium channel family,F subfamily,Kv5.1/KCNF1 sub-subfamily,Potassium voltage-gated channel subfamily F member 1,ion channel,voltage-gated,cation channel,Potassium,Multi-pass membrane protein,Heteromeric,6,4,1
Q9UIX4,KCNG1,Tclin+,protein,ion channel,Potassium channel family,G subfamily,Kv6.1/KCNG1 sub-subfamily,Potassium voltage-gated channel subfamily G member 1,ion channel,voltage-gated,cation channel,Potassium,Multi-pass membrane protein,Heteromeric,6,4,1
Q9UJ96,KCNG2,Tclin+,protein,ion channel,Potassium channel family,G subfamily,Kv6.2/KCNG2 sub-subfamily,Potassium voltage-gated channel subfamily G member 2,ion channel,voltage-gated,cation channel,Potassium,Multi-pass membrane protein,Heteromeric,6,3,1
Q8TAE7,KCNG3,Tclin+,protein,ion channel,Potassium channel family,G subfamily,Kv6.3/KCNG3 sub-subfamily,Potassium voltage-gated channel subfamily G member 3,ion channel,voltage-gated,cation channel,Potassium,Multi-pass membrane protein,Heteromeric,6,4,1
Q8TDN1,KCNG4,Tclin+,protein,ion channel,Potassium channel family,G subfamily,Kv6.4/KCNG4 sub-subfamily,Potassium voltage-gated channel subfamily G member 4,ion channel,voltage-gated,cation channel,Potassium,Multi-pass membrane protein,Heteromeric,6,4,1
O95259,KCNH1,Tclin+,protein,ion channel,Potassium channel family,H (Eag) subfamily,Kv10.1/KCNH1 sub-subfamily,Potassium voltage-gated channel subfamily H member 1,ion channel,voltage-gated,cation channel,Potassium,Multi-pass membrane protein,Bimeric,6,8,1
Q12809,KCNH2,Tclin+,protein,ion channel,Potassium channel family,H (Eag) subfamily,Kv11.1/KCNH2 sub-subfamily,Potassium voltage-gated channel subfamily H member 2,ion channel,voltage-gated,cation channel,Potassium,Multi-pass membrane protein,Bimeric,6,8,1
Q9ULD8,KCNH3,Tclin+,protein,ion channel,Potassium channel family,H (Eag) subfamily,Kv12.2/KCNH3 sub-subfamily,Potassium voltage-gated channel subfamily H member 3,ion channel,voltage-gated,cation channel,Potassium,Multi-pass membrane protein,Bimeric,6,8,1
Q9UQ05,KCNH4,Tclin+,protein,ion channel,Potassium channel family,H (Eag) subfamily,Kv12.3/KCNH4 sub-subfamily,Potassium voltage-gated channel subfamily H member 4,ion channel,voltage-gated,cation channel,Potassium,Multi-pass membrane protein,Bimeric,6,8,1
Q8NCM2,KCNH5,Tclin+,protein,ion channel,Potassium channel family,H (Eag) subfamily,Kv10.2/KCNH5 sub-subfamily,Potassium voltage-gated channel subfamily H member 5,ion channel,voltage-gated,cation channel,Potassium,Multi-pass membrane protein,Bimeric,6,8,1
Q9H252,KCNH6,Tclin+,protein,ion channel,Potassium channel family,H (Eag) subfamily,Kv11.2/KCNH6 sub-subfamily,Potassium voltage-gated channel subfamily H member 6,ion channel,voltage-gated,cation channel,Potassium,Multi-pass membrane protein,Bimeric,6,8,1
Q9NS40,KCNH7,Tclin+,protein,ion channel,Potassium channel family,H (Eag) subfamily,Kv11.3/KCNH7 sub-subfamily,Potassium voltage-gated channel subfamily H member 7,ion channel,voltage-gated,cation channel,Potassium,Multi-pass membrane protein,Bimeric,6,8,1
Q96L42,KCNH8,Tclin+,protein,ion channel,Potassium channel family,H (Eag) subfamily,Kv12.1/KCNH8 sub-subfamily,Potassium voltage-gated channel subfamily H member 8,ion channel,voltage-gated,cation channel,Potassium,Multi-pass membrane protein,Bimeric,6,8,1
O00180,KCNK1,Tmacro,protein,ion channel,two pore domain Potassium channel family,,,Potassium channel subfamily K member 1,ion channel,voltage-gated,cation channel,Potassium,Multi-pass membrane protein,Homomeric,4,3,2
O95069,KCNK2,Tclin+,protein,ion channel,two pore domain Potassium channel family,,,Potassium channel subfamily K member 2,ion channel,voltage-gated,cation channel,Potassium,Multi-pass membrane protein,Homomeric,4,3,2
O14649,KCNK3,Tclin+,protein,ion channel,two pore domain Potassium channel family,,,Potassium channel subfamily K member 3,ion channel,voltage-gated,cation channel,Potassium,Multi-pass membrane protein,Unknown,4,3,2
Q9NYG8,KCNK4,Tmacro,protein,ion channel,two pore domain Potassium channel family,,,Potassium channel subfamily K member 4,ion channel,voltage-gated,cation channel,Potassium,Multi-pass membrane protein,Homomeric,4,3,2
O95279,KCNK5,Tmacro,protein,ion channel,two pore domain Potassium channel family,,,Potassium channel subfamily K member 5,ion channel,voltage-gated,cation channel,Potassium,Multi-pass membrane protein,Homomeric,4,3,2
Q9Y257,KCNK6,Tgray,protein,ion channel,two pore domain Potassium channel family,,,Potassium channel subfamily K member 6,ion channel,voltage-gated,cation channel,Potassium,Multi-pass membrane protein,Homomeric,4,3,2
Q9Y2U2,KCNK7,Tdark,protein,ion channel,two pore domain Potassium channel family,,,Potassium channel subfamily K member 7,ion channel,voltage-gated,cation channel,Potassium,Multi-pass membrane protein,Homomeric,4,3,2
Q9NPC2,KCNK9,Tclin+,protein,ion channel,two pore domain Potassium channel family,,,Potassium channel subfamily K member 9,ion channel,voltage-gated,cation channel,Potassium,Multi-pass membrane protein,Unknown,4,7,2
P57789,KCNK10,Tclin+,protein,ion channel,two pore domain Potassium channel family,,,Potassium channel subfamily K member 10,ion channel,voltage-gated,cation channel,Potassium,Multi-pass membrane protein,Unknown,4,3,2
Q9HB15,KCNK12,Tgray,protein,ion channel,two pore domain Potassium channel family,,,Potassium channel subfamily K member 12,ion channel,voltage-gated,cation channel,Potassium,Multi-pass membrane protein,Heteromeric,4,3,2
Q9HB14,KCNK13,Tgray,protein,ion channel,two pore domain Potassium channel family,,,Potassium channel subfamily K member 13,ion channel,voltage-gated,cation channel,Potassium,Multi-pass membrane protein,Homomeric,4,3,2
Q9H427,KCNK15,Tdark,protein,ion channel,two pore domain Potassium channel family,,,Potassium channel subfamily K member 15,ion channel,voltage-gated,cation channel,Potassium,Multi-pass membrane protein,Heteromeric,4,3,2
Q96T55,KCNK16,Tdark,protein,ion channel,two pore domain Potassium channel family,,,Potassium channel subfamily K member 16,ion channel,voltage-gated,cation channel,Potassium,Multi-pass membrane protein,Homomeric,4,3,2
Q96T54,KCNK17,Tmacro,protein,ion channel,two pore domain Potassium channel family,,,Potassium channel subfamily K member 17,ion channel,voltage-gated,cation channel,Potassium,Multi-pass membrane protein,Homomeric,4,3,2
Q7Z418,KCNK18,Tclin+,protein,ion channel,two pore domain Potassium channel family,,,Potassium channel subfamily K member 18,ion channel,voltage-gated,cation channel,Potassium,Multi-pass membrane protein,Heteromeric,4,3,2
Q92952,KCNN1,Tclin,protein,ion channel,Potassium channel family,Calcium-activated subfamily,,Small conductance Calcium-activated Potassium channel protein 1,ion channel,voltage-gated,cation channel,Potassium,Multi-pass membrane protein,Heteromeric,6,0,1
Q9H2S1,KCNN2,Tclin,protein,ion channel,Potassium channel family,Calcium-activated subfamily,,Small conductance Calcium-activated Potassium channel protein 2,ion channel,voltage-gated,cation channel,Potassium,Multi-pass membrane protein,Heteromeric,6,0,1
Q9UGI6,KCNN3,Tclin,protein,ion channel,Potassium channel family,Calcium-activated subfamily,,Small conductance Calcium-activated Potassium channel protein 3,ion channel,voltage-gated,cation channel,Potassium,Multi-pass membrane protein,Heteromeric,6,0,1
O15554,KCNN4,Tclin+,protein,ion channel,Potassium channel family,Calcium-activated subfamily,,Intermediate conductance Calcium-activated Potassium channel protein 4,ion channel,voltage-gated,cation channel,Potassium,Multi-pass membrane protein,Heteromeric,6,0,1
P51787,KCNQ1,Tclin+,protein,ion channel,Potassium channel family,KQT subfamily,Kv7.1/KCNQ1 sub-subfamily,Potassium voltage-gated channel subfamily KQT member 1,ion channel,voltage-gated,cation channel,Potassium,Multi-pass membrane protein,Heteromeric,6,7,1
O43526,KCNQ2,Tclin+,protein,ion channel,Potassium channel family,KQT subfamily,Kv7.2/KCNQ2 sub-subfamily,Potassium voltage-gated channel subfamily KQT member 2,ion channel,voltage-gated,cation channel,Potassium,Multi-pass membrane protein,Heteromeric,6,7,1
O43525,KCNQ3,Tclin+,protein,ion channel,Potassium channel family,KQT subfamily,Kv7.3/KCNQ3 sub-subfamily,Potassium voltage-gated channel subfamily KQT member 3,ion channel,voltage-gated,cation channel,Potassium,Multi-pass membrane protein,Heteromeric,6,0,1
P56696,KCNQ4,Tclin+,protein,ion channel,Potassium channel family,KQT subfamily,Kv7.4/KCNQ4 sub-subfamily,Potassium voltage-gated channel subfamily KQT member 4,ion channel,voltage-gated,cation channel,Potassium,Multi-pass membrane protein,Homomeric,6,8,1
Q9NR82,KCNQ5,Tclin+,protein,ion channel,Potassium channel family,KQT subfamily,Kv7.5/KCNQ5 sub-subfamily,Potassium voltage-gated channel subfamily KQT member 5,ion channel,voltage-gated,cation channel,Potassium,Multi-pass membrane protein,Heteromeric,6,0,1
Q96KK3,KCNS1,Tclin+,protein,ion channel,Potassium channel family,S subfamily,Kv9.1/KCNS1 sub-subfamily,Potassium voltage-gated channel subfamily S member 1,ion channel,voltage-gated,cation channel,Potassium,Multi-pass membrane protein,Heteromeric,6,4,1
Q9ULS6,KCNS2,Tclin+,protein,ion channel,Potassium channel family,S subfamily,Kv9.2/KCNS2 sub-subfamily,Potassium voltage-gated channel subfamily S member 2,ion channel,voltage-gated,cation channel,Potassium,Multi-pass membrane protein,Heteromeric,6,8,1
Q9BQ31,KCNS3,Tclin+,protein,ion channel,Potassium channel family,S subfamily,Kv9.3/KCNS3 sub-subfamily,Potassium voltage-gated channel subfamily S member 3,ion channel,voltage-gated,cation channel,Potassium,Multi-pass membrane protein,Heteromeric,6,8,1
Q5JUK3,KCNT1,Tclin,protein,ion channel,Potassium channel family,Calcium-activated subfamily,KCa4.1/KCNT1 sub-subfamily,Potassium channel subfamily T member 1,ion channel,voltage-gated,cation channel,Potassium,Multi-pass membrane protein,Heteromeric,6,8,1
Q6UVM3,KCNT2,Tgray,protein,ion channel,Potassium channel family,Calcium-activated subfamily,KCa4.2/KCNT2 sub-subfamily,Potassium channel subfamily T member 2,ion channel,voltage-gated,cation channel,Potassium,Multi-pass membrane protein,Unknown,6,8,1
A8MYU2,KCNU1,Tmacro,protein,ion channel,Potassium channel family,Calcium-activated subfamily,KCa5.1/KCNU1 sub-subfamily,Potassium channel subfamily U member 1,ion channel,voltage-gated,cation channel,Potassium,Multi-pass membrane protein,Homomeric,7,9,1
Q6PIU1,KCNV1,Tclin+,protein,ion channel,Potassium channel family,V subfamily,Kv8.1/KCNV1 sub-subfamily,Potassium voltage-gated channel subfamily V member 1,ion channel,voltage-gated,cation channel,Potassium,Multi-pass membrane protein,Heteromeric,6,6,0
Q8TDN2,KCNV2,Tclin+,protein,ion channel,Potassium channel family,V subfamily,Kv8.2/KCNV2 sub-subfamily,Potassium voltage-gated channel subfamily V member 2,ion channel,voltage-gated,cation channel,Potassium,Multi-pass membrane protein,Heteromeric,6,8,1
Q2I0M4,LRRC26,Tgray,protein,ion channel,,,,Leucine-rich repeat-containing protein 26,ion channel,,cation channel,Potassium,Single-pass type I membrane protein,Heteromeric,1,2,0
Q5VT99,LRRC38,Tdark,protein,ion channel,,,,Leucine-rich repeat-containing protein 38,ion channel,,cation channel,Potassium,Single-pass type I membrane protein,Heteromeric,1,0,0
Q8N7C0,LRRC52,Tdark,protein,ion channel,,,,Leucine-rich repeat-containing protein 52,ion channel,,cation channel,Potassium,Single-pass membrane protein,Heteromeric,1,2,0
Q6ZSA7,LRRC55,Tdark,protein,ion channel,,,,Leucine-rich repeat-containing protein 55,ion channel,,cation channel,Potassium,Single-pass membrane protein,Heteromeric,1,0,0
Q9GZU1,MCOLN1,Tmacro,protein,ion channel,Transient receptor potential calcium channel (TRP-CC) family,Polycystin subfamily,MCOLN1 sub-subfamily,Mucolipin-1,ion channel,,cation channel,"Calcium,cation",Multi-pass membrane protein,Heteromeric,6,0,0
Q8IZK6,MCOLN2,Tmacro,protein,ion channel,Transient receptor potential calcium channel (TRP-CC) family,Polycystin subfamily,MCOLN2 sub-subfamily,Mucolipin-2,ion channel,,cation channel,Calcium,Multi-pass membrane protein,Unknown,5,0,0
Q8TDD5,MCOLN3,Tchem,protein,ion channel,Transient receptor potential calcium channel (TRP-CC) family,Polycystin subfamily,MCOLN3 sub-subfamily,Mucolipin-3,ion channel,,cation channel,Calcium,Multi-pass membrane protein,Unknown,6,0,0
Q8NE86,MCU,Tmacro,protein,ion channel,MCU family,,,"Calcium uniporter protein, mitochondrial",ion channel,voltage-gated,cation channel,Calcium,Multi-pass membrane protein,Heteromeric,2,0,0
Q15049,MLC1,Tmacro,protein,ion channel,membrane protein mlc1 family,,,Membrane protein MLC1,"Electrochemical Potential-driven Transporter, Incompletely Characterized Transport System",,,,Multi-pass membrane protein,Unknown,8,0,0
Q8IZF0,NALCN,Tmacro,protein,ion channel,Cation-nonselective channel family,,,Sodium leak channel non-selective protein,ion channel,voltage-gated,cation channel,"Calcium,Sodium",Multi-pass membrane protein,Heteromeric,24,25,0
Q8TCU5,GRIN3A,Tclin+,protein,ion channel,Glutamate-gated Ion Channel (GIC) Family of Neurotransmitter Receptors,NR3A/GRIN3A subfamily,,"Glutamate receptor ionotropic, NMDA 3A",ion channel,ligand-gated,cation channel,Calcium,Multi-pass membrane protein,Heteromeric,3,4,0
O60391,GRIN3B,Tclin+,protein,ion channel,Glutamate-gated Ion Channel (GIC) Family of Neurotransmitter Receptors,NR3B/GRIN3B subfamily,,"Glutamate receptor ionotropic, NMDA 3B",ion channel,ligand-gated,cation channel,Calcium,Multi-pass membrane protein,Heteromeric,3,4,0
Q12879,GRIN2A,Tclin+,protein,ion channel,Glutamate-gated Ion Channel (GIC) Family of Neurotransmitter Receptors,NR2A/GRIN2A subfamily,,"Glutamate receptor ionotropic, NMDA 2A",ion channel,ligand-gated,cation channel,Calcium,Multi-pass membrane protein,Heteromeric,3,4,0
Q13224,GRIN2B,Tclin+,protein,ion channel,Glutamate-gated Ion Channel (GIC) Family of Neurotransmitter Receptors,NR2B/GRIN2B subfamily,,"Glutamate receptor ionotropic, NMDA 2B",ion channel,ligand-gated,cation channel,Calcium,Multi-pass membrane protein,Heteromeric,3,4,0
Q14957,GRIN2C,Tclin+,protein,ion channel,Glutamate-gated Ion Channel (GIC) Family of Neurotransmitter Receptors,NR2C/GRIN2C subfamily,,"Glutamate receptor ionotropic, NMDA 2C",ion channel,ligand-gated,cation channel,Calcium,Multi-pass membrane protein,Heteromeric,3,4,0
O15399,GRIN2D,Tclin+,protein,ion channel,Glutamate-gated Ion Channel (GIC) Family of Neurotransmitter Receptors,NR2D/GRIN2D subfamily,,"Glutamate receptor ionotropic, NMDA 2D",ion channel,ligand-gated,cation channel,Calcium,Multi-pass membrane protein,Heteromeric,3,4,0
Q05586,GRIN1,Tclin+,protein,ion channel,Glutamate-gated Ion Channel (GIC) Family of Neurotransmitter Receptors,NR1/GRIN1 subfamily,,"Glutamate receptor ionotropic, NMDA 1",ion channel,ligand-gated,cation channel,Calcium,Multi-pass membrane protein,Heteromeric,3,4,0
Q9Y5S8,NOX1,Tchem,protein,ion channel,phagocyte (gp91(phox)) nadph oxidase family,,,NADPH oxidase 1,Transmembrane Electron Carrier,voltage-gated,proton channel,Proton,Multi-pass membrane protein,Heteromeric,6,7,0
Q96PH1,NOX5,Tchem,protein,ion channel,phagocyte (gp91(phox)) nadph oxidase family,,,NADPH oxidase 5,Transmembrane Electron Carrier,,proton channel,proton,Multi-pass membrane protein,Unknown,7,8,0
P51575,P2RX1,Tclin,protein,ion channel,atp-gated p2x receptor cation channel (p2x receptor) family,,,P2X purinoceptor 1,ion channel,ligand-gated,cation channel,Calcium,Multi-pass membrane protein,Bimeric,2,3,0
Q9UBL9,P2RX2,Tchem,protein,ion channel,atp-gated p2x receptor cation channel (p2x receptor) family,,,P2X purinoceptor 2,ion channel,ligand-gated,cation channel,cation,Multi-pass membrane protein,Homomeric,2,3,0
P56373,P2RX3,Tchem,protein,ion channel,atp-gated p2x receptor cation channel (p2x receptor) family,,,P2X purinoceptor 3,ion channel,ligand-gated,cation channel,cation,Multi-pass membrane protein,Bimeric,2,3,0
Q99571,P2RX4,Tclin,protein,ion channel,atp-gated p2x receptor cation channel (p2x receptor) family,,,P2X purinoceptor 4,ion channel,ligand-gated,cation channel,cation,Multi-pass membrane protein,Bimeric,2,3,0
Q93086,P2RX5,Tchem,protein,ion channel,atp-gated p2x receptor cation channel (p2x receptor) family,,,P2X purinoceptor 5,ion channel,ligand-gated,cation channel,cation,Multi-pass membrane protein,Bimeric,2,3,0
O15547,P2RX6,Tchem,protein,ion channel,atp-gated p2x receptor cation channel (p2x receptor) family,,,P2X purinoceptor 6,ion channel,ligand-gated,cation channel,cation,Multi-pass membrane protein,Monomer,2,3,0
Q99572,P2RX7,Tchem,protein,ion channel,atp-gated p2x receptor cation channel (p2x receptor) family,,,P2X purinoceptor 7,ion channel,ligand-gated,cation channel,cation,Multi-pass membrane protein,Bimeric,2,3,0
Q96RD7,PANX1,Tmacro,protein,ion channel,gap junction-forming innexin (innexin) family,,,Pannexin-1,ion channel,,cation channel,Calcium,Multi-pass membrane protein,Bimeric,4,5,0
Q96RD6,PANX2,Tmacro,protein,ion channel,gap junction-forming innexin (innexin) family,,,Pannexin-2,ion channel,,cation channel,,Multi-pass membrane protein,Heteromeric,4,5,0
Q96QZ0,PANX3,Tmacro,protein,ion channel,gap junction-forming innexin (innexin) family,,,Pannexin-3,ion channel,,cation channel,,Multi-pass membrane protein,Unknown,4,5,0
Q92508,PIEZO1,Tmacro,protein,ion channel,"mechanical nociceptor, piezo (piezo) family",,,Piezo-type mechanosensitive ion channel component 1,ion channel,mechanically-gated,cation channel,cation,Multi-pass membrane protein,Homomeric,36,0,0
Q9H5I5,PIEZO2,Tgray,protein,ion channel,"mechanical nociceptor, piezo (piezo) family",,,Piezo-type mechanosensitive ion channel component 2,ion channel,mechanically-gated,cation channel,cation,Multi-pass membrane protein,Homomeric,37,0,0
Q7Z442,PKD1L2,Tdark,protein,ion channel,polycystin cation channel (pcc) family,,,Polycystic kidney disease protein 1-like 2,ion channel,voltage-gated,cation channel,cation,Multi-pass membrane protein,Heteromeric,12,13,0
Q7Z443,PKD1L3,Tdark,protein,ion channel,polycystin cation channel (pcc) family,,,Polycystic kidney disease protein 1-like 3,ion channel,voltage-gated,cation channel,"Calcium,cation",Multi-pass membrane protein,Heteromeric,12,13,0
Q9P0L9,PKD2L1,Tchem,protein,ion channel,polycystin cation channel (pcc) family,,,Polycystic kidney disease 2-like 1 protein,ion channel,voltage-gated,cation channel,"Calcium,Potassium,Sodium",Multi-pass membrane protein,Homomeric,6,7,0
Q9NZM6,PKD2L2,Tdark,protein,ion channel,polycystin cation channel (pcc) family,,,Polycystic kidney disease 2-like 2 protein,ion channel,voltage-gated,cation channel,Calcium,Multi-pass membrane protein,Unknown,6,7,0
Q13563,PKD2,Tchem,protein,ion channel,polycystin cation channel (pcc) family,,,Polycystin-2,ion channel,voltage-gated,cation channel,"Calcium,cation",Multi-pass membrane protein,Heteromeric,6,7,0
Q9NTG1,PKDREJ,Tdark,protein,ion channel,polycystin cation channel (pcc) family,,,Polycystic kidney disease and receptor for egg jelly-related protein,ion channel,voltage-gated,cation channel,Calcium,Multi-pass membrane protein,Bimeric,11,12,0
Q9Y342,PLLP,Tdark,protein,ion channel,,,,Plasmolipin,ion channel,voltage-gated,cation channel,Potassium,Multi-pass membrane protein,Homomeric,4,5,0
O00168,FXYD1,Tmacro,protein,ion channel,fxyd family,,,Phospholemman,ion channel,,anion channel,Chloride,Single-pass type I membrane protein,Unknown,1,2,0
P21817,RYR1,Tclin+,protein,ion channel,"ryanodine-inositol 1,4,5-triphosphate receptor calcium channel (rir-cac) family",RYR1 subfamily,,Ryanodine receptor 1,ion channel,ligand-gated/voltage-gated,cation channel,Calcium,Multi-pass membrane protein,Homomeric,8,2,1
Q92736,RYR2,Tclin+,protein,ion channel,"ryanodine-inositol 1,4,5-triphosphate receptor calcium channel (rir-cac) family",RYR2 subfamily,,Ryanodine receptor 2,ion channel,ligand-gated/voltage-gated,cation channel,Calcium,Multi-pass membrane protein,Homomeric,6,2,1
Q15413,RYR3,Tclin+,protein,ion channel,"ryanodine-inositol 1,4,5-triphosphate receptor calcium channel (rir-cac) family",RYR3 subfamily,,Ryanodine receptor 3,ion channel,ligand-gated/voltage-gated,cation channel,Calcium,Multi-pass membrane protein,Homomeric,7,2,1
Q9H2B4,SLC26A1,Tmacro,protein,ion channel,SLC26A/SulP transporter family,,,Sulfate anion transporter 1,Electrochemical Potential-driven Transporter,,anion channel,"Chloride,Sulfate,Oxalate",Multi-pass membrane protein,Unknown,9,0,0
Q9BXS9,SLC26A6,Tmacro,protein,ion channel,SLC26A/SulP transporter family,,,Solute carrier family 26 member 6,Electrochemical Potential-driven Transporter,,anion channel,"Chloride,Sulfate,Bicarbonate,Oxalate",Multi-pass membrane protein,Heteromeric,8,9,0
P35498,SCN1A,Tclin+,protein,ion channel,Sodium channel family,Nav1.1/SCN1A subfamily,,Sodium channel protein type 1 subunit alpha,ion channel,voltage-gated,cation channel,Sodium,Multi-pass membrane protein,Heteromeric,24,25,0
Q07699,SCN1B,Tclin+,protein,ion channel,Sodium channel auxiliary subunit 1-4 (sca-) family,SCN1B family,,Sodium channel subunit beta-1,Auxiliary transport protein,voltage-gated,cation channel,Sodium,Single-pass type I membrane protein,Heteromeric,1,2,0
Q99250,SCN2A,Tclin+,protein,ion channel,Sodium channel family,Nav1.2/SCN2A subfamily,,Sodium channel protein type 2 subunit alpha,ion channel,voltage-gated,cation channel,Sodium,Multi-pass membrane protein,Heteromeric,24,25,0
O60939,SCN2B,Tclin+,protein,ion channel,Sodium channel auxiliary subunit 1-4 (sca-) family,SCN2B family,,Sodium channel subunit beta-2,Auxiliary transport protein,voltage-gated,cation channel,Sodium,Single-pass type I membrane protein,Heteromeric,1,2,0
Q9NY46,SCN3A,Tclin+,protein,ion channel,Sodium channel family,Nav1.3/SCN3A subfamily,,Sodium channel protein type 3 subunit alpha,ion channel,voltage-gated,cation channel,Sodium,Multi-pass membrane protein,Heteromeric,24,25,0
Q9NY72,SCN3B,Tclin+,protein,ion channel,Sodium channel auxiliary subunit 1-4 (sca-) family,SCN3B family,,Sodium channel subunit beta-3,Auxiliary transport protein,voltage-gated,cation channel,Sodium,Single-pass type I membrane protein,Heteromeric,1,2,0
P35499,SCN4A,Tclin+,protein,ion channel,Sodium channel family,Nav1.4/SCN4A subfamily,,Sodium channel protein type 4 subunit alpha,ion channel,voltage-gated,cation channel,Sodium,Multi-pass membrane protein,Heteromeric,24,25,0
Q8IWT1,SCN4B,Tclin+,protein,ion channel,Sodium channel auxiliary subunit 1-4 (sca-) family,SCN4B family,,Sodium channel subunit beta-4,Auxiliary transport protein,voltage-gated,cation channel,Sodium,Single-pass type I membrane protein,Heteromeric,1,2,0
Q14524,SCN5A,Tclin+,protein,ion channel,Sodium channel family,Nav1.5/SCN5A subfamily,,Sodium channel protein type 5 subunit alpha,ion channel,voltage-gated,cation channel,Sodium,Multi-pass membrane protein,Heteromeric,24,25,0
Q01118,SCN7A,Tclin+,protein,ion channel,Sodium channel family,SCN7A subfamily,,Sodium channel protein type 7 subunit alpha,ion channel,voltage-gated,cation channel,Sodium,Multi-pass membrane protein,Unknown,24,25,0
Q9UQD0,SCN8A,Tclin+,protein,ion channel,Sodium channel family,Nav1.6/SCN8A subfamily,,Sodium channel protein type 8 subunit alpha,ion channel,voltage-gated,cation channel,Sodium,Multi-pass membrane protein,Heteromeric,24,25,0
Q15858,SCN9A,Tclin+,protein,ion channel,Sodium channel family,Nav1.7/SCN9A subfamily,,Sodium channel protein type 9 subunit alpha,ion channel,voltage-gated,cation channel,Sodium,Multi-pass membrane protein,Heteromeric,24,0,0
Q9Y5Y9,SCN10A,Tclin+,protein,ion channel,Sodium channel family,Nav1.8/SCN10A subfamily,,Sodium channel protein type 10 subunit alpha,ion channel,voltage-gated,cation channel,Sodium,Multi-pass membrane protein,Heteromeric,24,0,0
Q9UI33,SCN11A,Tclin+,protein,ion channel,Sodium channel family,Nav1.9/SCN11A subfamily,,Sodium channel protein type 11 subunit alpha,ion channel,voltage-gated,cation channel,Sodium,Multi-pass membrane protein,Heteromeric,24,0,0
P37088,SCNN1A,Tclin+,protein,ion channel,amiloride-sensitive Sodium channel family,SCNN1A subfamily,,Amiloride-sensitive Sodium channel subunit alpha,ion channel,ligand-gated,cation channel,Sodium,Multi-pass membrane protein,Heteromeric,2,3,0
P51168,SCNN1B,Tclin+,protein,ion channel,amiloride-sensitive Sodium channel family,SCNN1B subfamily,,Amiloride-sensitive Sodium channel subunit beta,ion channel,ligand-gated,cation channel,Sodium,Multi-pass membrane protein,Heteromeric,2,3,0
P51172,SCNN1D,Tmacro,protein,ion channel,amiloride-sensitive Sodium channel family,SCNN1D subfamily,,Amiloride-sensitive Sodium channel subunit delta,ion channel,ligand-gated,cation channel,Sodium,Multi-pass membrane protein,Heteromeric,2,3,0
P51170,SCNN1G,Tclin+,protein,ion channel,amiloride-sensitive Sodium channel family,SCNN1G subfamily,,Amiloride-sensitive Sodium channel subunit gamma,ion channel,ligand-gated,cation channel,Sodium,Multi-pass membrane protein,Heteromeric,2,3,0
Q9H6F2,TMEM38A,Tgray,protein,ion channel,tmem38 family,,,Trimeric intracellular cation channel type A,ion channel,,cation channel,"Potassium,cation",Multi-pass membrane protein,Homomeric,4,3,0
Q9NVV0,TMEM38B,Tmacro,protein,ion channel,tmem38 family,,,Trimeric intracellular cation channel type B,ion channel,,cation channel,"Potassium,cation",Multi-pass membrane protein,Homomeric,4,3,0
Q8TDI8,TMC1,Tmacro,protein,ion channel,Transmembrane channel (TMC) family,,,Transmembrane channel-like protein 1,ion channel,voltage-gated,,Calcium,Multi-pass membrane protein,Unknown,6,7,0
Q8TDI7,TMC2,Tdark,protein,ion channel,Transmembrane channel (TMC) family,,,Transmembrane channel-like protein 2,ion channel,voltage-gated,,,Multi-pass membrane protein,Unknown,6,7,0
Q7Z5M5,TMC3,Tdark,protein,ion channel,Transmembrane channel (TMC) family,,,Transmembrane channel-like protein 3,ion channel,,,,Multi-pass membrane protein,Unknown,10,11,0
Q7Z404,TMC4,Tdark,protein,ion channel,Transmembrane channel (TMC) family,,,Transmembrane channel-like protein 4,ion channel,,,,Multi-pass membrane protein,Unknown,9,10,0
Q6UXY8,TMC5,Tdark,protein,ion channel,Transmembrane channel (TMC) family,,,Transmembrane channel-like protein 5,ion channel,,,,Multi-pass membrane protein,Unknown,10,11,0
Q7Z403,TMC6,Tmacro,protein,ion channel,Calcium-dependent chloride channel (ca-clc) family,,,Transmembrane channel-like protein 6,ion channel,,anion channel,,Multi-pass membrane protein,Unknown,10,5,0
Q7Z402,TMC7,Tdark,protein,ion channel,Transmembrane channel (TMC) family,,,Transmembrane channel-like protein 7,ion channel,,,,Multi-pass membrane protein,Unknown,9,10,0
Q8IU68,TMC8,Tmacro,protein,ion channel,Calcium-dependent chloride channel (ca-clc) family,,,Transmembrane channel-like protein 8,ion channel,,anion channel,,Multi-pass membrane protein,Unknown,8,5,0
Q9ULQ1,TPCN1,Tmacro,protein,ion channel,Calcium channel alpha-1 subunit family,Two pore Calcium channel subfamily,,Two pore Calcium channel protein 1,ion channel,voltage-gated,cation channel,Calcium,Multi-pass membrane protein,Monomeric,12,15,2
Q8NHX9,TPCN2,Tmacro,protein,ion channel,Calcium channel alpha-1 subunit family,Two pore Calcium channel subfamily,,Two pore Calcium channel protein 2,ion channel,voltage-gated,cation channel,Calcium,Multi-pass membrane protein,Homomeric,12,15,2
O75762,TRPA1,Tclin+,protein,ion channel,Transient receptor potential calcium channel (TRP-CC) family,,,Transient receptor potential cation channel subfamily A member 1,ion channel,ligand-gated/voltage-gated/mechanically-gated/temperature-gated/other,cation channel,"Calcium,cation",Multi-pass membrane protein,Homomeric,6,7,0
P48995,TRPC1,Tmacro,protein,ion channel,Transient receptor potential calcium channel (TRP-CC) family,STrpC subfamily,TRPC1 sub-subfamily,Short transient receptor potential channel 1,ion channel,ligand-gated/voltage-gated,cation channel,"Calcium,cation",Multi-pass membrane protein,Heteromeric,6,6,0
Q13507,TRPC3,Tchem,protein,ion channel,Transient receptor potential calcium channel (TRP-CC) family,STrpC subfamily,TRPC3 sub-subfamily,Short transient receptor potential channel 3,ion channel,ligand-gated/voltage-gated,cation channel,"Calcium,cation",Multi-pass membrane protein,Heteromeric,6,7,0
Q9UBN4,TRPC4,Tmacro,protein,ion channel,Transient receptor potential calcium channel (TRP-CC) family,STrpC subfamily,TRPC4 sub-subfamily,Short transient receptor potential channel 4,ion channel,ligand-gated/voltage-gated,cation channel,"Calcium,cation",Multi-pass membrane protein,Heteromeric,6,7,0
Q9UL62,TRPC5,Tclin,protein,ion channel,Transient receptor potential calcium channel (TRP-CC) family,STrpC subfamily,TRPC5 sub-subfamily,Short transient receptor potential channel 5,ion channel,ligand-gated/voltage-gated,cation channel,"Calcium,cation",Multi-pass membrane protein,Heteromeric,6,7,0
Q9Y210,TRPC6,Tchem,protein,ion channel,Transient receptor potential calcium channel (TRP-CC) family,STrpC subfamily,TRPC6 sub-subfamily,Short transient receptor potential channel 6,ion channel,ligand-gated/voltage-gated,cation channel,"Calcium,cation",Multi-pass membrane protein,Heteromeric,6,7,0
Q9HCX4,TRPC7,Tmacro,protein,ion channel,Transient receptor potential calcium channel (TRP-CC) family,STrpC subfamily,TRPC7 sub-subfamily,Short transient receptor potential channel 7,ion channel,ligand-gated/voltage-gated,cation channel,"Calcium,cation",Multi-pass membrane protein,Heteromeric,6,7,0
Q7Z4N2,TRPM1,Tmacro,protein,ion channel,Transient receptor potential calcium channel (TRP-CC) family,LTrpC subfamily,TRPM1 sub-subfamily,Transient receptor potential cation channel subfamily M member 1,ion channel,ligand-gated/voltage-gated,cation channel,"Calcium,cation",Multi-pass membrane protein,Unknown,9,10,0
O94759,TRPM2,Tchem,protein,ion channel,Transient receptor potential calcium channel (TRP-CC) family,LTrpC subfamily,TRPM2 sub-subfamily,Transient receptor potential cation channel subfamily M member 2,ion channel,ligand-gated/voltage-gated,cation channel,"Calcium,Sodium,cation",Multi-pass membrane protein,Heteromeric,6,7,0
Q9HCF6,TRPM3,Tmacro,protein,ion channel,Transient receptor potential calcium channel (TRP-CC) family,LTrpC subfamily,TRPM3 sub-subfamily,Transient receptor potential cation channel subfamily M member 3,ion channel,ligand-gated/voltage-gated/temperature-gated,cation channel,"Calcium,cation",Multi-pass membrane protein,Unknown,7,7,0
Q8TD43,TRPM4,Tclin,protein,ion channel,Transient receptor potential calcium channel (TRP-CC) family,LTrpC subfamily,TRPM4 sub-subfamily,Transient receptor potential cation channel subfamily M member 4,ion channel,voltage-gated,cation channel,"Calcium,Sodium,Potassium,Lithium,cation",Multi-pass membrane protein,Homomeric,6,8,1
Q9NZQ8,TRPM5,Tmacro,protein,ion channel,Transient receptor potential calcium channel (TRP-CC) family,LTrpC subfamily,TRPM5 sub-subfamily,Transient receptor potential cation channel subfamily M member 5,ion channel,voltage-gated,,,Multi-pass membrane protein,Unknown,6,7,0
Q96QT4,TRPM7,Tmacro,protein,ion channel,Transient receptor potential calcium channel (TRP-CC) family,LTrpC subfamily,TRPM7 sub-subfamily,Transient receptor potential cation channel subfamily M member 7,ion channel,voltage-gated,cation channel,"Calcium,Magnesium,cation",Multi-pass membrane protein,Homomeric,6,8,1
Q7Z2W7,TRPM8,Tclin+,protein,ion channel,Transient receptor potential calcium channel (TRP-CC) family,LTrpC subfamily,TRPM8 sub-subfamily,Transient receptor potential cation channel subfamily M member 8,ion channel,voltage-gated,cation channel,"Calcium,cation",Multi-pass membrane protein,Homomeric,6,7,0
Q8NER1,TRPV1,Tclin+,protein,ion channel,Transient receptor potential calcium channel (TRP-CC) family,TrpV subfamily,TRPV1 sub-subfamily,Transient receptor potential cation channel subfamily V member 1,ion channel,ligand-gated,cation channel,"Calcium,cation",Multi-pass membrane protein,Homomeric,6,7,1
Q9Y5S1,TRPV2,Tchem,protein,ion channel,Transient receptor potential calcium channel (TRP-CC) family,TrpV subfamily,TRPV2 sub-subfamily,Transient receptor potential cation channel subfamily V member 2,ion channel,ligand-gated/voltage-gated,cation channel,"Calcium,cation",Multi-pass membrane protein,Homomeric,6,6,1
Q8NET8,TRPV3,Tchem,protein,ion channel,Transient receptor potential calcium channel (TRP-CC) family,TrpV subfamily,TRPV3 sub-subfamily,Transient receptor potential cation channel subfamily V member 3,ion channel,voltage-gated/temperature-gated,cation channel,"Calcium,cation",Multi-pass membrane protein,Heteromeric,6,6,1
Q9HBA0,TRPV4,Tclin+,protein,ion channel,Transient receptor potential calcium channel (TRP-CC) family,TrpV subfamily,TRPV4 sub-subfamily,Transient receptor potential cation channel subfamily V member 4,ion channel,voltage-gated/mechanically-gated,cation channel,"Calcium,cation",Multi-pass membrane protein,Homomeric,6,6,1
Q9NQA5,TRPV5,Tchem,protein,ion channel,Transient receptor potential calcium channel (TRP-CC) family,TrpV subfamily,TRPV5 sub-subfamily,Transient receptor potential cation channel subfamily V member 5,ion channel,voltage-gated,cation channel,Calcium,Multi-pass membrane protein,Homomeric,6,6,1
Q9H1D0,TRPV6,Tchem,protein,ion channel,Transient receptor potential calcium channel (TRP-CC) family,TrpV subfamily,TRPV6 sub-subfamily,Transient receptor potential cation channel subfamily V member 6,ion channel,voltage-gated,cation channel,Calcium,Multi-pass membrane protein,Homomeric,6,6,1
Q9H313,TTYH1,Tgray,protein,ion channel,Anion channel tweety (tweety) family,,,Protein tweety homolog 1,ion channel,,anion channel,"Chloride,Anion",Multi-pass membrane protein,Unknown,5,6,0
Q9BSA4,TTYH2,Tgray,protein,ion channel,Anion channel tweety (tweety) family,,,Protein tweety homolog 2,ion channel,,anion channel,Chloride,Multi-pass membrane protein,Unknown,5,6,0
Q9C0H2,TTYH3,Tdark,protein,ion channel,Anion channel tweety (tweety) family,,,Protein tweety homolog 3,ion channel,,anion channel,Chloride,Multi-pass membrane protein,Unknown,5,6,0
Q401N2,ZACN,Tclin,protein,ion channel,"neurotransmitter receptor, cys loop, ligand-gated ion channel (lic) family",,,Zinc-activated ligand-gated ion channel,ion channel,ligand-gated,cation channel,,Multi-pass membrane protein,Unknown,4,5,0
