UniprotID,Gene_Name,TDL,Biomacromolecule,IDG_Family,Kinase_Type,Protein_Kinase_Group,Protein_Kinase_Family,Protein_Kinase_Subfamily,Non-protein_Kinase_Group,Non-protein_Kinase_Family,Non-protein_Kinase_Subfamily,Non-protein_Kinase_Sub-subfamily,Kinase_protein,Pseudokinase?
Q2M2I8,AAK1,Tclin,protein,kinase,protein kinase,other group,NAK family,,,,,,AP2-associated protein kinase 1,N
P00519,ABL1,Tclin,protein,kinase,protein kinase,TK group,ABL family,,,,,,tyrosine-protein kinase abl1,N
Q07912,TNK2,Tclin,protein,kinase,protein kinase,TK group,ACK family,,,,,,activated cdc42 kinase 1,N
P27037,ACVR2A,Tclin,protein,kinase,protein kinase,TKL group,STKR family,STKR Type 2 subfamily,,,,,activin receptor type-2a,N
Q13705,ACVR2B,Tclin,protein,kinase,protein kinase,TKL group,STKR family,STKR Type 2 subfamily,,,,,activin receptor type-2b,N
P31749,AKT1,Tclin,protein,kinase,protein kinase,AGC group,AKT family,,,,,,RAC-alpha serine/threonine-protein kinase,N
P31751,AKT2,Tclin,protein,kinase,protein kinase,AGC group,AKT family,,,,,,RAC-beta serine/threonine-protein kinase,N
Q9Y243,AKT3,Tchem,protein,kinase,protein kinase,AGC group,AKT family,,,,,,RAC-gamma serine/threonine-protein kinase,N
Q9UM73,ALK,Tclin,protein,kinase,protein kinase,TK group,ALK family,,,,,,alk tyrosine kinase receptor,N
P37023,ACVRL1,Tclin,protein,kinase,protein kinase,TKL group,STKR family,STKR Type 1 subfamily,,,,,serine/threonine-protein kinase receptor r3,N
Q04771,ACVR1,Tclin,protein,kinase,protein kinase,TKL group,STKR family,STKR Type 1 subfamily,,,,,activin receptor type-1,N
P36896,ACVR1B,Tclin,protein,kinase,protein kinase,TKL group,STKR family,STKR Type 1 subfamily,,,,,activin receptor type-1b,N
Q8NER5,ACVR1C,Tmacro,protein,kinase,protein kinase,TKL group,STKR family,STKR Type 1 subfamily,,,,,activin receptor type-1c,N
Q13131,PRKAA1,Tclin,protein,kinase,protein kinase,CAMK group,CAMKL family,AMPK subfamily,,,,,5-amp-activated protein kinase catalytic subunit alpha-1,N
P54646,PRKAA2,Tclin,protein,kinase,protein kinase,CAMK group,CAMKL family,AMPK subfamily,,,,,5-amp-activated protein kinase catalytic subunit alpha-2,N
P57078,RIPK4,Tclin,protein,kinase,protein kinase,TKL group,RIPK family,,,,,,receptor-interacting serine/threonine-protein kinase 4,N
P16066,NPR1,Tclin,protein,kinase,protein kinase,RGC group,RGC family,,,,,,atrial natriuretic peptide receptor 1,Y
P20594,NPR2,Tchem,protein,kinase,protein kinase,RGC group,RGC family,,,,,,atrial natriuretic peptide receptor 2,Y
P10398,ARAF,Tmacro,protein,kinase,protein kinase,TKL group,RAF family,,,,,,serine/threonine-protein kinase a-raf,N
P42684,ABL2,Tclin,protein,kinase,protein kinase,TK group,ABL family,,,,,,abelson tyrosine-protein kinase 2,N
Q13315,ATM,Tchem,protein,kinase,protein kinase,Atypical group,PIKK family,,,,,,serine-protein kinase atm,N
O14965,AURKA,Tclin,protein,kinase,protein kinase,other group,AUR family,,,,,,aurora kinase a,N
Q96GD4,AURKB,Tclin,protein,kinase,protein kinase,other group,AUR family,,,,,,aurora kinase b,N
Q9UQB9,AURKC,Tclin,protein,kinase,protein kinase,other group,AUR family,,,,,,aurora kinase c,N
P30530,AXL,Tclin,protein,kinase,protein kinase,TK group,AXL family,,,,,,tyrosine-protein kinase receptor ufo,N
P25098,ADRBK1,Tmacro,protein,kinase,protein kinase,AGC group,GRK family,BARK subfamily,,,,,beta-adrenergic receptor kinase 1,N
P35626,ADRBK2,Tmacro,protein,kinase,protein kinase,AGC group,GRK family,BARK subfamily,,,,,beta-adrenergic receptor kinase 2,N
Q9NSY1,BMP2K,Tclin,protein,kinase,protein kinase,other group,NAK family,,,,,,BMP-2-inducible protein kinase,N
P51451,BLK,Tclin,protein,kinase,protein kinase,TK group,SRC family,,,,,,tyrosine-protein kinase blk,N
P36894,BMPR1A,Tclin,protein,kinase,protein kinase,TKL group,STKR family,STKR Type 1 subfamily,,,,,bone morphogenetic protein receptor type-1a,N
O00238,BMPR1B,Tclin,protein,kinase,protein kinase,TKL group,STKR family,STKR Type 1 subfamily,,,,,bone morphogenetic protein receptor type-1b,N
Q13873,BMPR2,Tclin,protein,kinase,protein kinase,TKL group,STKR family,STKR Type 2 subfamily,,,,,bone morphogenetic protein receptor type-2,N
P51813,BMX,Tclin,protein,kinase,protein kinase,TK group,TEC family,,,,,,cytoplasmic tyrosine-protein kinase bmx,N
P15056,BRAF,Tclin,protein,kinase,protein kinase,TKL group,RAF family,,,,,,serine/threonine-protein kinase b-raf,N
Q13882,PTK6,Tclin,protein,kinase,protein kinase,TK group,SRC family,,,,,,protein-tyrosine kinase 6,N
Q8TDC3,BRSK1,Tchem,protein,kinase,protein kinase,CAMK group,CAMKL family,BRSK subfamily,,,,,serine/threonine-protein kinase brsk1,N
Q8IWQ3,BRSK2,Tchem,protein,kinase,protein kinase,CAMK group,CAMKL family,BRSK subfamily,,,,,serine/threonine-protein kinase brsk2,N
Q06187,BTK,Tclin,protein,kinase,protein kinase,TK group,TEC family,,,,,,tyrosine-protein kinase btk,N
O43683,BUB1,Tmacro,protein,kinase,protein kinase,other group,BUB family,,,,,,mitotic checkpoint serine/threonine-protein kinase bub1,N
O60566,BUB1B,Tmacro,protein,kinase,protein kinase,other group,BUB family,,,,,,mitotic checkpoint serine/threonine-protein kinase bub1 beta,N
Q14012,CAMK1,Tclin,protein,kinase,protein kinase,CAMK group,CAMK1 family,,,,,,calcium/calmodulin-dependent protein kinase type 1,N
Q6P2M8,PNCK,Tclin,protein,kinase,protein kinase,CAMK group,CAMK1 family,,,,,,calcium/calmodulin-dependent protein kinase type 1b,N
Q8IU85,CAMK1D,Tclin,protein,kinase,protein kinase,CAMK group,CAMK1 family,,,,,,calcium/calmodulin-dependent protein kinase type 1d,N
Q96NX5,CAMK1G,Tclin,protein,kinase,protein kinase,CAMK group,CAMK1 family,,,,,,calcium/calmodulin-dependent protein kinase type 1g,N
Q9UQM7,CAMK2A,Tclin,protein,kinase,protein kinase,CAMK group,CAMK2 family,,,,,,calcium/calmodulin-dependent protein kinase type ii subunit alpha,N
Q13554,CAMK2B,Tclin,protein,kinase,protein kinase,CAMK group,CAMK2 family,,,,,,calcium/calmodulin-dependent protein kinase type ii subunit beta,N
Q13557,CAMK2D,Tclin,protein,kinase,protein kinase,CAMK group,CAMK2 family,,,,,,calcium/calmodulin-dependent protein kinase type ii subunit delta,N
Q13555,CAMK2G,Tclin,protein,kinase,protein kinase,CAMK group,CAMK2 family,,,,,,calcium/calmodulin-dependent protein kinase type ii subunit gamma,N
Q16566,CAMK4,Tclin,protein,kinase,protein kinase,CAMK group,CAMK1 family,,,,,,calcium/calmodulin-dependent protein kinase type iv,N
Q8N5S9,CAMKK1,Tclin,protein,kinase,protein kinase,other group,CAMKK family,Meta subfamily,,,,,calcium/calmodulin-dependent protein kinase kinase 1,N
Q96RR4,CAMKK2,Tclin,protein,kinase,protein kinase,other group,CAMKK family,Meta subfamily,,,,,calcium/calmodulin-dependent protein kinase kinase 2,N
Q32MK0,MYLK3,Tclin,protein,kinase,protein kinase,CAMK group,MLCK family,,,,,,myosin light chain kinase 3,N
O14936,CASK,Tclin,protein,kinase,protein kinase,CAMK group,CASK family,,,,,,peripheral plasma membrane protein cask,N
Q13308,PTK7,Tmacro,protein,kinase,protein kinase,TK group,CCK4 family,,,,,,inactive tyrosine-protein kinase 7,Y
Q8IZL9,CDK20,Tmacro,protein,kinase,protein kinase,CMGC group,CDK family,CCRK subfamily,,,,,cyclin-dependent kinase 20,N
P06493,CDK1,Tclin,protein,kinase,protein kinase,CMGC group,CDK family,CDK1 subfamily,,,,,cyclin-dependent kinase 1,N
O00311,CDC7,Tmacro,protein,kinase,protein kinase,other group,CDC7 family,,,,,,cell division cycle 7-related protein kinase,N
Q15131,CDK10,Tmacro,protein,kinase,protein kinase,CMGC group,CDK family,CDK10 subfamily,,,,,cyclin-dependent kinase 10,N
Q9BWU1,CDK19,Tclin,protein,kinase,protein kinase,CMGC group,CDK family,CDK8 subfamily,,,,,cyclin-dependent kinase 19,N
P24941,CDK2,Tclin,protein,kinase,protein kinase,CMGC group,CDK family,CDK1 subfamily,,,,,cyclin-dependent kinase 2,N
Q00526,CDK3,Tclin,protein,kinase,protein kinase,CMGC group,CDK family,CDK1 subfamily,,,,,cyclin-dependent kinase 3,N
P11802,CDK4,Tclin,protein,kinase,protein kinase,CMGC group,CDK family,CDK4 subfamily,,,,,cyclin-dependent kinase 4,N
Q00535,CDK5,Tclin,protein,kinase,protein kinase,CMGC group,CDK family,CDK5 subfamily,,,,,cyclin-dependent-like kinase 5,N
Q00534,CDK6,Tclin,protein,kinase,protein kinase,CMGC group,CDK family,CDK4 subfamily,,,,,cyclin-dependent kinase 6,N
P50613,CDK7,Tclin,protein,kinase,protein kinase,CMGC group,CDK family,CDK7 subfamily,,,,,cyclin-dependent kinase 7,N
P49336,CDK8,Tclin,protein,kinase,protein kinase,CMGC group,CDK family,CDK8 subfamily,,,,,cyclin-dependent kinase 8,N
P50750,CDK9,Tclin,protein,kinase,protein kinase,CMGC group,CDK family,CDK9 subfamily,,,,,cyclin-dependent kinase 9,N
Q00532,CDKL1,Tmacro,protein,kinase,protein kinase,CMGC group,CDKL family,,,,,,cyclin-dependent kinase-like 1,N
Q92772,CDKL2,Tclin,protein,kinase,protein kinase,CMGC group,CDKL family,,,,,,cyclin-dependent kinase-like 2,N
Q8IVW4,CDKL3,Tclin,protein,kinase,protein kinase,CMGC group,CDKL family,,,,,,cyclin-dependent kinase-like 3,N
Q5MAI5,CDKL4,Tdark,protein,kinase,protein kinase,CMGC group,CDKL family,,,,,,cyclin-dependent kinase-like 4,N
O76039,CDKL5,Tclin,protein,kinase,protein kinase,CMGC group,CDKL family,,,,,,cyclin-dependent kinase-like 5,N
Q14004,CDK13,Tclin,protein,kinase,protein kinase,CMGC group,CDK family,CRK7 subfamily,,,,,cyclin-dependent kinase 13,N
O14757,CHEK1,Tclin,protein,kinase,protein kinase,CAMK group,CAMKL family,CHK1 subfamily,,,,,serine/threonine-protein kinase chk1,N
O96017,CHEK2,Tclin,protein,kinase,protein kinase,CAMK group,RAD53 family,,,,,,serine/threonine-protein kinase chk2,N
P48729,CSNK1A1,Tclin,protein,kinase,protein kinase,CK1 group,CK1 family,,,,,,casein kinase i isoform alpha,N
Q8N752,CSNK1A1L,Tclin,protein,kinase,protein kinase,CK1 group,CK1 family,,,,,,casein kinase i isoform alpha-like,N
P48730,CSNK1D,Tclin,protein,kinase,protein kinase,CK1 group,CK1 family,,,,,,casein kinase i isoform delta,N
P49674,CSNK1E,Tclin,protein,kinase,protein kinase,CK1 group,CK1 family,,,,,,casein kinase i isoform epsilon,N
Q9HCP0,CSNK1G1,Tclin,protein,kinase,protein kinase,CK1 group,CK1 family,,,,,,casein kinase i isoform gamma-1,N
P78368,CSNK1G2,Tclin,protein,kinase,protein kinase,CK1 group,CK1 family,,,,,,casein kinase i isoform gamma-2,N
Q9Y6M4,CSNK1G3,Tclin,protein,kinase,protein kinase,CK1 group,CK1 family,,,,,,casein kinase i isoform gamma-3,N
P68400,CSNK2A1,Tclin,protein,kinase,protein kinase,CMGC group,CK2 family,,,,,,casein kinase ii subunit alpha,N
P19784,CSNK2A2,Tclin,protein,kinase,protein kinase,CMGC group,CK2 family,,,,,,casein kinase ii subunit alpha,N
Q8TDR2,STK35,Tclin,protein,kinase,protein kinase,other group,NKF4 family,,,,,,serine/threonine-protein kinase 35,N
Q8N165,PDIK1L,Tgray,protein,kinase,protein kinase,other group,NKF4 family,,,,,,serine/threonine-protein kinase pdik1l,N
P49759,CLK1,Tclin,protein,kinase,protein kinase,CMGC group,CLK family,,,,,,dual specificity protein kinase clk1,N
P49760,CLK2,Tclin,protein,kinase,protein kinase,CMGC group,CLK family,,,,,,dual specificity protein kinase clk2,N
P49761,CLK3,Tclin,protein,kinase,protein kinase,CMGC group,CLK family,,,,,,dual specificity protein kinase clk3,N
Q9HAZ1,CLK4,Tclin,protein,kinase,protein kinase,CMGC group,CLK family,,,,,,dual specificity protein kinase clk4,N
P41279,MAP3K8,Tmacro,protein,kinase,protein kinase,STE group,STE-UNIQUE family,,,,,,mitogen-activated protein kinase kinase kinase 8,N
O14578,CIT,Tclin,protein,kinase,protein kinase,AGC group,DMPK family,,,,,,citron rho-interacting kinase,N
Q9NYV4,CDK12,Tmacro,protein,kinase,protein kinase,CMGC group,CDK family,,,,,,cyclin-dependent kinase 12,N
P41240,CSK,Tclin,protein,kinase,protein kinase,TK group,CSK family,,,,,,tyrosine-protein kinase csk,N
P42679,MATK,Tclin,protein,kinase,protein kinase,TK group,CSK family,,,,,,megakaryocyte-associated tyrosine-protein kinase,N
Q02846,GUCY2D,Tmacro,protein,kinase,protein kinase,RGC group,RGC family,,,,,,retinal guanylyl cyclase 1,Y
P51841,GUCY2F,Tmacro,protein,kinase,protein kinase,RGC group,RGC family,,,,,,retinal guanylyl cyclase 2,Y
P53355,DAPK1,Tclin,protein,kinase,protein kinase,CAMK group,DAPK family,,,,,,death-associated protein kinase 1,N
Q9UIK4,DAPK2,Tclin,protein,kinase,protein kinase,CAMK group,DAPK family,,,,,,death-associated protein kinase 2,N
O43293,DAPK3,Tclin,protein,kinase,protein kinase,CAMK group,DAPK family,,,,,,death-associated protein kinase 3,N
O15075,DCLK1,Tclin,protein,kinase,protein kinase,CAMK group,DCAMKL family,,,,,,serine/threonine-protein kinase dclk1,N
Q8N568,DCLK2,Tclin,protein,kinase,protein kinase,CAMK group,DCAMKL family,,,,,,serine/threonine-protein kinase dclk2,N
Q9C098,DCLK3,Tclin,protein,kinase,protein kinase,CAMK group,DCAMKL family,,,,,,serine/threonine-protein kinase dclk3,N
Q08345,DDR1,Tclin,protein,kinase,protein kinase,TK group,DDR family,,,,,,epithelial discoidin domain-containing receptor 1,N
Q16832,DDR2,Tclin,protein,kinase,protein kinase,TK group,DDR family,,,,,,discoidin domain-containing receptor 2,N
Q12852,MAP3K12,Tclin,protein,kinase,protein kinase,TKL group,MLK family,,,,,,mitogen-activated protein kinase kinase kinase 12,N
Q09013,DMPK,Tclin,protein,kinase,protein kinase,AGC group,DMPK family,GEK subfamily,,,,,myotonin-protein kinase,N
Q6DT37,CDC42BPG,Tchem,protein,kinase,protein kinase,AGC group,DMPK family,GEK subfamily,,,,,serine/threonine-protein kinase mrck gamma,N
Q9UEE5,STK17A,Tclin,protein,kinase,protein kinase,CAMK group,DAPK family,,,,,,serine/threonine-protein kinase 17a,N
O94768,STK17B,Tclin,protein,kinase,protein kinase,CAMK group,DAPK family,,,,,,serine/threonine-protein kinase 17b,N
Q13627,DYRK1A,Tclin,protein,kinase,protein kinase,CMGC group,DYRK family,Dyrk1 subfamily,,,,,dual specificity tyrosine-phosphorylation-regulated kinase 1a,N
Q9Y463,DYRK1B,Tclin,protein,kinase,protein kinase,CMGC group,DYRK family,Dyrk1 subfamily,,,,,dual specificity tyrosine-phosphorylation-regulated kinase 1b,N
Q92630,DYRK2,Tclin,protein,kinase,protein kinase,CMGC group,DYRK family,Dyrk2 subfamily,,,,,dual specificity tyrosine-phosphorylation-regulated kinase 2,N
O43781,DYRK3,Tmacro,protein,kinase,protein kinase,CMGC group,DYRK family,Dyrk2 subfamily,,,,,dual specificity tyrosine-phosphorylation-regulated kinase 3,N
Q9NR20,DYRK4,Tgray,protein,kinase,protein kinase,CMGC group,DYRK family,Dyrk2 subfamily,,,,,dual specificity tyrosine-phosphorylation-regulated kinase 4,N
P00533,EGFR,Tclin,protein,kinase,protein kinase,TK group,EGFR family,,,,,,epidermal growth factor receptor,N
P21709,EPHA1,Tclin,protein,kinase,protein kinase,TK group,Eph family,,,,,,ephrin type-a receptor 1,N
Q5JZY3,EPHA10,Tgray,protein,kinase,protein kinase,TK group,Eph family,,,,,,ephrin type-a receptor 10,N
P29317,EPHA2,Tclin,protein,kinase,protein kinase,TK group,Eph family,,,,,,ephrin type-a receptor 2,N
P29320,EPHA3,Tclin,protein,kinase,protein kinase,TK group,Eph family,,,,,,ephrin type-a receptor 3,N
P54764,EPHA4,Tclin,protein,kinase,protein kinase,TK group,Eph family,,,,,,ephrin type-a receptor 4,N
P54756,EPHA5,Tclin,protein,kinase,protein kinase,TK group,Eph family,,,,,,ephrin type-a receptor 5,N
Q9UF33,EPHA6,Tclin,protein,kinase,protein kinase,TK group,Eph family,,,,,,ephrin type-a receptor 6,N
Q15375,EPHA7,Tclin,protein,kinase,protein kinase,TK group,Eph family,,,,,,ephrin type-a receptor 7,N
P29322,EPHA8,Tclin,protein,kinase,protein kinase,TK group,Eph family,,,,,,ephrin type-a receptor 8,N
P54762,EPHB1,Tclin,protein,kinase,protein kinase,TK group,Eph family,,,,,,ephrin type-b receptor 1,N
P29323,EPHB2,Tclin,protein,kinase,protein kinase,TK group,Eph family,,,,,,ephrin type-b receptor 2,N
P54753,EPHB3,Tclin,protein,kinase,protein kinase,TK group,Eph family,,,,,,ephrin type-b receptor 3,N
P54760,EPHB4,Tclin,protein,kinase,protein kinase,TK group,Eph family,,,,,,ephrin type-b receptor 4,N
O15197,EPHB6,Tclin,protein,kinase,protein kinase,TK group,Eph family,,,,,,ephrin type-b receptor 6,Y
P04626,ERBB2,Tclin,protein,kinase,protein kinase,TK group,EGFR family,,,,,,receptor tyrosine-protein kinase erbb-2,N
P21860,ERBB3,Tclin,protein,kinase,protein kinase,TK group,EGFR family,,,,,,receptor tyrosine-protein kinase erbb-3,Y
Q15303,ERBB4,Tclin,protein,kinase,protein kinase,TK group,EGFR family,,,,,,receptor tyrosine-protein kinase erbb-4,N
P27361,MAPK3,Tclin,protein,kinase,protein kinase,CMGC group,MAPK family,ERK subfamily,,,,,mitogen-activated protein kinase 3,N
P28482,MAPK1,Tclin,protein,kinase,protein kinase,CMGC group,MAPK family,ERK subfamily,,,,,mitogen-activated protein kinase 1,N
Q16659,MAPK6,Tchem,protein,kinase,protein kinase,CMGC group,MAPK family,ERK subfamily,,,,,mitogen-activated protein kinase 6,N
P31152,MAPK4,Tclin,protein,kinase,protein kinase,CMGC group,MAPK family,ERK subfamily,,,,,mitogen-activated protein kinase 4,N
Q13164,MAPK7,Tclin,protein,kinase,protein kinase,CMGC group,MAPK family,ERK subfamily,,,,,mitogen-activated protein kinase 7,N
Q8TD08,MAPK15,Tclin,protein,kinase,protein kinase,CMGC group,MAPK family,Erk7 subfamily,,,,,mitogen-activated protein kinase 15,N
Q05397,PTK2,Tclin,protein,kinase,protein kinase,TK group,FAK family,,,,,,focal adhesion kinase 1,N
P16591,FER,Tclin,protein,kinase,protein kinase,TK group,FER family,,,,,,tyrosine-protein kinase fer,N
P07332,FES,Tclin,protein,kinase,protein kinase,TK group,FER family,,,,,,tyrosine-protein kinase fes/fps,N
P11362,FGFR1,Tclin,protein,kinase,protein kinase,TK group,FGFR family,,,,,,fibroblast growth factor receptor 1,N
P21802,FGFR2,Tclin,protein,kinase,protein kinase,TK group,FGFR family,,,,,,fibroblast growth factor receptor 2,N
P22607,FGFR3,Tclin,protein,kinase,protein kinase,TK group,FGFR family,,,,,,fibroblast growth factor receptor 3,N
P22455,FGFR4,Tclin,protein,kinase,protein kinase,TK group,FGFR family,,,,,,fibroblast growth factor receptor 4,N
P09769,FGR,Tclin,protein,kinase,protein kinase,TK group,SRC family,,,,,,tyrosine-protein kinase fgr,N
P17948,FLT1,Tclin,protein,kinase,protein kinase,TK group,VEGFR family,,,,,,vascular endothelial growth factor receptor 1,N
P36888,FLT3,Tclin,protein,kinase,protein kinase,TK group,PDGFR family,,,,,,receptor-type tyrosine-protein kinase flt3,N
P35916,FLT4,Tclin,protein,kinase,protein kinase,TK group,VEGFR family,,,,,,vascular endothelial growth factor receptor 3,N
P07333,CSF1R,Tclin,protein,kinase,protein kinase,TK group,PDGFR family,,,,,,macrophage colony-stimulating factor 1 receptor,N
P42685,FRK,Tclin,protein,kinase,protein kinase,TK group,SRC family,,,,,,tyrosine-protein kinase frk,N
Q9NRP7,STK36,Tclin,protein,kinase,protein kinase,other group,ULK family,,,,,,serine/threonine-protein kinase 36,N
P06241,FYN,Tclin,protein,kinase,protein kinase,TK group,SRC family,,,,,,tyrosine-protein kinase fyn,N
O14976,GAK,Tclin,protein,kinase,protein kinase,other group,NAK family,,,,,,cyclin-g-associated kinase,N
Q12851,MAP4K2,Tclin,protein,kinase,protein kinase,STE group,STE20 family,KHS subfamily,,,,,mitogen-activated protein kinase kinase kinase kinase 2,N
Q9P2K8,EIF2AK4,Tclin,protein,kinase,protein kinase,other group,PEK family,GCN2 subfamily,,,,,eukaryotic translation initiation factor 2-alpha kinase 4,Y
P32298,GRK4,Tclin,protein,kinase,protein kinase,AGC group,GRK family,GRK subfamily,,,,,G protein-coupled receptor kinase 4,N
P34947,GRK5,Tmacro,protein,kinase,protein kinase,AGC group,GRK family,GRK subfamily,,,,,G protein-coupled receptor kinase 5,N
P43250,GRK6,Tmacro,protein,kinase,protein kinase,AGC group,GRK family,GRK subfamily,,,,,G protein-coupled receptor kinase 6,N
Q8WTQ7,GRK7,Tclin,protein,kinase,protein kinase,AGC group,GRK family,GRK subfamily,,,,,G protein-coupled receptor kinase 7,N
P49840,GSK3A,Tchem,protein,kinase,protein kinase,CMGC group,GSK family,GSK subfamily,,,,,glycogen synthase kinase-3 alpha,N
P49841,GSK3B,Tclin,protein,kinase,protein kinase,CMGC group,GSK family,GSK subfamily,,,,,glycogen synthase kinase-3 beta,N
P08631,HCK,Tclin,protein,kinase,protein kinase,TK group,SRC family,,,,,,tyrosine-protein kinase hck,N
O95819,MAP4K4,Tclin,protein,kinase,protein kinase,STE group,STE20 family,MSN subfamily,,,,,mitogen-activated protein kinase kinase kinase kinase 4,N
Q59H18,TNNI3K,Tclin,protein,kinase,protein kinase,TKL group,MLK family,HH498 subfamily,,,,,serine/threonine-protein kinase tnni3k,N
Q86Z02,HIPK1,Tclin,protein,kinase,protein kinase,CMGC group,DYRK family,HIPK subfamily,,,,,homeodomain-interacting protein kinase 1,N
Q9H2X6,HIPK2,Tclin,protein,kinase,protein kinase,CMGC group,DYRK family,HIPK subfamily,,,,,homeodomain-interacting protein kinase 2,N
Q9H422,HIPK3,Tclin,protein,kinase,protein kinase,CMGC group,DYRK family,HIPK subfamily,,,,,homeodomain-interacting protein kinase 3,N
Q8NE63,HIPK4,Tclin,protein,kinase,protein kinase,CMGC group,DYRK family,HIPK subfamily,,,,,homeodomain-interacting protein kinase 4,N
Q92918,MAP4K1,Tclin,protein,kinase,protein kinase,STE group,STE20 family,KHS subfamily,,,,,mitogen-activated protein kinase kinase kinase kinase 1,N
Q9BQI3,EIF2AK1,Tclin,protein,kinase,protein kinase,other group,PEK family,,,,,,eukaryotic translation initiation factor 2-alpha kinase 1,N
P25092,GUCY2C,Tclin,protein,kinase,protein kinase,RGC group,RGC family,,,,,,heat-stable enterotoxin receptor,Y
P57058,HUNK,Tclin,protein,kinase,protein kinase,CAMK group,CAMKL family,HUNK subfamily,,,,,hormonally up-regulated neu tumor-associated kinase,N
Q9UPZ9,ICK,Tclin,protein,kinase,protein kinase,CMGC group,RCK family,,,,,,serine/threonine-protein kinase ick,N
P08069,IGF1R,Tclin,protein,kinase,protein kinase,TK group,INSR family,,,,,,insulin-like growth factor 1 receptor,N
O15111,CHUK,Tclin,protein,kinase,protein kinase,other group,IKK family,,,,,,inhibitor of nuclear factor kappa-b kinase subunit alpha,N
O14920,IKBKB,Tchem,protein,kinase,protein kinase,other group,IKK family,,,,,,inhibitor of nuclear factor kappa-b kinase subunit beta,N
Q14164,IKBKE,Tclin,protein,kinase,protein kinase,other group,IKK family,,,,,,inhibitor of nuclear factor kappa-b kinase subunit epsilon,N
Q13418,ILK,Tchem,protein,kinase,protein kinase,TKL group,MLK family,ILK subfamily,,,,,integrin-linked protein kinase,Y
P06213,INSR,Tclin,protein,kinase,protein kinase,TK group,INSR family,,,,,,insulin receptor,N
P51617,IRAK1,Tclin,protein,kinase,protein kinase,TKL group,IRAK family,,,,,,interleukin-1 receptor-associated kinase 1,N
O43187,IRAK2,Tmacro,protein,kinase,protein kinase,TKL group,IRAK family,,,,,,interleukin-1 receptor-associated kinase-like 2,Y
Q9Y616,IRAK3,Tclin,protein,kinase,protein kinase,TKL group,IRAK family,,,,,,interleukin-1 receptor-associated kinase 3,Y
Q9NWZ3,IRAK4,Tclin,protein,kinase,protein kinase,TKL group,IRAK family,,,,,,interleukin-1 receptor-associated kinase 4,N
O75460,ERN1,Tclin,protein,kinase,protein kinase,other group,IRE family,,,,,,serine/threonine-protein kinase/endoribonuclease ire1,N
Q76MJ5,ERN2,Tmacro,protein,kinase,protein kinase,other group,IRE family,,,,,,serine/threonine-protein kinase/endoribonuclease ire2,N
P14616,INSRR,Tclin,protein,kinase,protein kinase,TK group,INSR family,,,,,,insulin receptor-related protein,N
Q08881,ITK,Tclin,protein,kinase,protein kinase,TK group,TEC family,,,,,,tyrosine-protein kinase itk/tsk,N
P23458,JAK1,Tclin,protein,kinase,protein kinase,TK group,JAKA family,,,,,,tyrosine-protein kinase jak1,Y
O60674,JAK2,Tclin,protein,kinase,protein kinase,TK group,JAKA family,,,,,,tyrosine-protein kinase jak2,Y
P52333,JAK3,Tclin,protein,kinase,protein kinase,TK group,JAKA family,,,,,,tyrosine-protein kinase jak3,Y
P45983,MAPK8,Tclin,protein,kinase,protein kinase,CMGC group,MAPK family,JNK subfamily,,,,,mitogen-activated protein kinase 8,N
P45984,MAPK9,Tchem,protein,kinase,protein kinase,CMGC group,MAPK family,JNK subfamily,,,,,mitogen-activated protein kinase 9,N
P53779,MAPK10,Tchem,protein,kinase,protein kinase,CMGC group,MAPK family,JNK subfamily,,,,,mitogen-activated protein kinase 10,N
P35968,KDR,Tclin,protein,kinase,protein kinase,TK group,VEGFR family,,,,,,vascular endothelial growth factor receptor 2,N
Q9Y4K4,MAP4K5,Tclin,protein,kinase,protein kinase,STE group,STE20 family,KHS subfamily,,,,,mitogen-activated protein kinase kinase kinase kinase 5,N
Q8IVH8,MAP4K3,Tclin,protein,kinase,protein kinase,STE group,STE20 family,KHS subfamily,,,,,mitogen-activated protein kinase kinase kinase kinase 3,N
Q8TAS1,UHMK1,Tmacro,protein,kinase,protein kinase,other group,KIS family,,,,,,serine/threonine-protein kinase kist,N
P10721,KIT,Tclin,protein,kinase,protein kinase,TK group,PDGFR family,,,,,,mast/stem cell growth factor receptor kit,N
Q8IVT5,KSR1,Tmacro,protein,kinase,protein kinase,TKL group,RAF family,,,,,,kinase suppressor of ras 1,Y
Q6VAB6,KSR2,Tmacro,protein,kinase,protein kinase,TKL group,RAF family,,,,,,kinase suppressor of ras 2,Y
O95835,LATS1,Tclin,protein,kinase,protein kinase,AGC group,NDR family,,,,,,serine/threonine-protein kinase lats1,N
Q9NRM7,LATS2,Tclin,protein,kinase,protein kinase,AGC group,NDR family,,,,,,serine/threonine-protein kinase lats2,N
P06239,LCK,Tclin,protein,kinase,protein kinase,TK group,SRC family,,,,,,tyrosine-protein kinase lck,N
P53667,LIMK1,Tclin,protein,kinase,protein kinase,TKL group,LISK family,LIMK subfamily,,,,,LIM domain kinase 1,N
P53671,LIMK2,Tclin,protein,kinase,protein kinase,TKL group,LISK family,LIMK subfamily,,,,,LIM domain kinase 2,N
Q15831,STK11,Tclin,protein,kinase,protein kinase,CAMK group,CAMKL family,LKB subfamily,,,,,serine/threonine-protein kinase stk11,N
Q6ZMQ8,AATK,Tmacro,protein,kinase,protein kinase,TK group,LMR family,,,,,,serine/threonine-protein kinase lmtk1,N
Q8IWU2,LMTK2,Tmacro,protein,kinase,protein kinase,TK group,LMR family,,,,,,serine/threonine-protein kinase lmtk2,N
Q96Q04,LMTK3,Tmacro,protein,kinase,protein kinase,TK group,LMR family,,,,,,serine/threonine-protein kinase lmtk3,N
O94804,STK10,Tclin,protein,kinase,protein kinase,STE group,STE20 family,SLK subfamily,,,,,serine/threonine-protein kinase 10,N
Q38SD2,LRRK1,Tmacro,protein,kinase,protein kinase,TKL group,LRRK family,,,,,,leucine-rich repeat serine/threonine-protein kinase 1,N
Q5S007,LRRK2,Tclin,protein,kinase,protein kinase,TKL group,LRRK family,,,,,,leucine-rich repeat serine/threonine-protein kinase 2,N
P29376,LTK,Tclin,protein,kinase,protein kinase,TK group,ALK family,,,,,,leukocyte tyrosine kinase receptor,N
P07948,LYN,Tclin,protein,kinase,protein kinase,TK group,SRC family,,,,,,tyrosine-protein kinase lyn,N
O43283,MAP3K13,Tclin,protein,kinase,protein kinase,TKL group,MLK family,LZK subfamily,,,,,mitogen-activated protein kinase kinase kinase 13,N
P20794,MAK,Tclin,protein,kinase,protein kinase,CMGC group,RCK family,,,,,,serine/threonine-protein kinase mak,N
Q02750,MAP2K1,Tclin,protein,kinase,protein kinase,STE group,STE7 family,,,,,,dual specificity mitogen-activated protein kinase kinase 1,N
P36507,MAP2K2,Tclin,protein,kinase,protein kinase,STE group,STE7 family,,,,,,dual specificity mitogen-activated protein kinase kinase 2,N
P46734,MAP2K3,Tclin,protein,kinase,protein kinase,STE group,STE7 family,,,,,,dual specificity mitogen-activated protein kinase kinase 3,N
P45985,MAP2K4,Tclin,protein,kinase,protein kinase,STE group,STE7 family,,,,,,dual specificity mitogen-activated protein kinase kinase 4,N
Q13163,MAP2K5,Tclin,protein,kinase,protein kinase,STE group,STE7 family,,,,,,dual specificity mitogen-activated protein kinase kinase 5,N
P52564,MAP2K6,Tchem,protein,kinase,protein kinase,STE group,STE7 family,,,,,,dual specificity mitogen-activated protein kinase kinase 6,N
O14733,MAP2K7,Tchem,protein,kinase,protein kinase,STE group,STE7 family,,,,,,dual specificity mitogen-activated protein kinase kinase 7,N
Q13233,MAP3K1,Tclin,protein,kinase,protein kinase,STE group,STE11 family,,,,,,mitogen-activated protein kinase kinase kinase 1,N
Q9Y2U5,MAP3K2,Tclin,protein,kinase,protein kinase,STE group,STE11 family,,,,,,mitogen-activated protein kinase kinase kinase 2,N
Q99759,MAP3K3,Tclin,protein,kinase,protein kinase,STE group,STE11 family,,,,,,mitogen-activated protein kinase kinase kinase 3,N
Q9Y6R4,MAP3K4,Tclin,protein,kinase,protein kinase,STE group,STE11 family,,,,,,mitogen-activated protein kinase kinase kinase 4,N
Q99683,MAP3K5,Tmacro,protein,kinase,protein kinase,STE group,STE11 family,,,,,,mitogen-activated protein kinase kinase kinase 5,N
O95382,MAP3K6,Tmacro,protein,kinase,protein kinase,STE group,STE11 family,,,,,,mitogen-activated protein kinase kinase kinase 6,N
Q6ZN16,MAP3K15,Tchem,protein,kinase,protein kinase,STE group,STE11 family,,,,,,mitogen-activated protein kinase kinase kinase 15,N
Q56UN5,MAP3K19,Tclin,protein,kinase,protein kinase,STE group,STE11 family,,,,,,mitogen-activated protein kinase kinase kinase 19,N
P49137,MAPKAPK2,Tchem,protein,kinase,protein kinase,CAMK group,MAPKAPK family,MAPKAPK subfamily,,,,,MAP kinase-activated protein kinase 2,N
Q16644,MAPKAPK3,Tmacro,protein,kinase,protein kinase,CAMK group,MAPKAPK family,MAPKAPK subfamily,,,,,MAP kinase-activated protein kinase 3,N
Q8IW41,MAPKAPK5,Tmacro,protein,kinase,protein kinase,CAMK group,MAPKAPK family,MAPKAPK subfamily,,,,,MAP kinase-activated protein kinase 5,N
Q9P0L2,MARK1,Tchem,protein,kinase,protein kinase,CAMK group,CAMKL family,MARK subfamily,,,,,serine/threonine-protein kinase mark1,N
Q7KZI7,MARK2,Tclin,protein,kinase,protein kinase,CAMK group,CAMKL family,MARK subfamily,,,,,serine/threonine-protein kinase mark2,N
P27448,MARK3,Tclin,protein,kinase,protein kinase,CAMK group,CAMKL family,MARK subfamily,,,,,MAP/microtubule affinity-regulating kinase 3,N
Q96L34,MARK4,Tchem,protein,kinase,protein kinase,CAMK group,CAMKL family,MARK subfamily,,,,,MAP/microtubule affinity-regulating kinase 4,N
Q9Y2H9,MAST1,Tclin,protein,kinase,protein kinase,AGC group,MAST family,,,,,,microtubule-associated serine/threonine-protein kinase 1,N
Q6P0Q8,MAST2,Tmacro,protein,kinase,protein kinase,AGC group,MAST family,,,,,,microtubule-associated serine/threonine-protein kinase 2,N
O60307,MAST3,Tgray,protein,kinase,protein kinase,AGC group,MAST family,,,,,,microtubule-associated serine/threonine-protein kinase 3,N
O15021,MAST4,Tgray,protein,kinase,protein kinase,AGC group,MAST family,,,,,,microtubule-associated serine/threonine-protein kinase 4,N
Q96GX5,MASTL,Tmacro,protein,kinase,protein kinase,AGC group,MAST family,,,,,,serine/threonine-protein kinase greatwall,N
Q14680,MELK,Tclin,protein,kinase,protein kinase,CAMK group,CAMKL family,MELK subfamily,,,,,maternal embryonic leucine zipper kinase,N
Q12866,MERTK,Tclin,protein,kinase,protein kinase,TK group,AXL family,,,,,,tyrosine-protein kinase mer,N
P08581,MET,Tclin,protein,kinase,protein kinase,TK group,MET family,,,,,,hepatocyte growth factor receptor,N
Q8N4C8,MINK1,Tclin,protein,kinase,protein kinase,STE group,STE20 family,MSN subfamily,,,,,misshapen-like kinase 1,N
Q16671,AMHR2,Tclin,protein,kinase,protein kinase,TKL group,STKR family,STKR Type 2 subfamily,,,,,anti-muellerian hormone type-2 receptor,N
P80192,MAP3K9,Tclin,protein,kinase,protein kinase,TKL group,MLK family,MLK subfamily,,,,,mitogen-activated protein kinase kinase kinase 9,N
Q02779,MAP3K10,Tclin,protein,kinase,protein kinase,TKL group,MLK family,MLK subfamily,,,,,mitogen-activated protein kinase kinase kinase 10,N
Q16584,MAP3K11,Tclin,protein,kinase,protein kinase,TKL group,MLK family,MLK subfamily,,,,,mitogen-activated protein kinase kinase kinase 11,N
Q5TCX8,MLK4,Tdark,protein,kinase,protein kinase,TKL group,MLK family,,,,,,mitogen-activated protein kinase kinase kinase mlk4,N
Q8NB16,MLKL,Tmacro,protein,kinase,protein kinase,TKL group,TKL-UNIQUE family,,,,,,mixed lineage kinase domain-like protein,Y
Q9BUB5,MKNK1,Tclin,protein,kinase,protein kinase,CAMK group,MAPKAPK family,MNK subfamily,,,,,MAP kinase-interacting serine/threonine-protein kinase 1,N
Q9HBH9,MKNK2,Tclin,protein,kinase,protein kinase,CAMK group,MAPKAPK family,MNK subfamily,,,,,MAP kinase-interacting serine/threonine-protein kinase 2,N
Q9UQ07,MOK,Tmacro,protein,kinase,protein kinase,CMGC group,RCK family,,,,,,MAPK/MAK/MRK overlapping kinase,N
P00540,MOS,Tgray,protein,kinase,protein kinase,other group,MOS family,,,,,,proto-oncogene serine/threonine-protein kinase mos,N
O75716,STK16,Tclin,protein,kinase,protein kinase,other group,NAK family,,,,,,serine/threonine-protein kinase 16,N
Q5VT25,CDC42BPA,Tchem,protein,kinase,protein kinase,AGC group,DMPK family,GEK subfamily,,,,,serine/threonine-protein kinase mrck alpha,N
Q9Y5S2,CDC42BPB,Tclin,protein,kinase,protein kinase,AGC group,DMPK family,GEK subfamily,,,,,serine/threonine-protein kinase mrck beta,N
O75582,RPS6KA5,Tclin,protein,kinase,protein kinase,AGC group,RSK family,MSK subfamily,,,,,ribosomal protein s6 kinase alpha-5,N
O75676,RPS6KA4,Tclin,protein,kinase,protein kinase,AGC group,RSK family,MSK subfamily,,,,,ribosomal protein s6 kinase alpha-4,N
Q9UPE1,SRPK3,Tclin,protein,kinase,protein kinase,CMGC group,SRPK family,,,,,,SRSF protein kinase 3,N
Q13043,STK4,Tclin,protein,kinase,protein kinase,STE group,STE20 family,MST subfamily>,,,,,serine/threonine-protein kinase 4,N
Q13188,STK3,Tclin,protein,kinase,protein kinase,STE group,STE20 family,MST subfamily>,,,,,serine/threonine-protein kinase 3,N
Q9Y6E0,STK24,Tclin,protein,kinase,protein kinase,STE group,STE20 family,YSK subfamily,,,,,serine/threonine-protein kinase 24,N
Q9P289,MST4,Tclin,protein,kinase,protein kinase,STE group,STE20 family,YSK subfamily,,,,,serine/threonine-protein kinase mst4,N
P42345,MTOR,Tclin,protein,kinase,protein kinase,Atypical group,PIKK family,FRAP subfamily,,,,,serine/threonine-protein kinase mtor,N
O15146,MUSK,Tclin,protein,kinase,protein kinase,TK group,MUSK family,,,,,,"muscle, skeletal receptor tyrosine-protein kinase",N
Q8NEV4,MYO3A,Tclin,protein,kinase,protein kinase,STE group,STE20 family,NinaC subfamily,,,,,myosin-IIIa,N
Q8WXR4,MYO3B,Tclin,protein,kinase,protein kinase,STE group,STE20 family,NinaC subfamily,,,,,myosin-IIIb,N
Q99640,PKMYT1,Tclin,protein,kinase,protein kinase,other group,WEE family,,,,,,membrane-associated tyrosine- and threonine-specific cdc2-inhibitory kinase,N
Q15208,STK38,Tclin,protein,kinase,protein kinase,AGC group,NDR family,,,,,,serine/threonine-protein kinase 38,N
Q9Y2H1,STK38L,Tclin,protein,kinase,protein kinase,AGC group,NDR family,,,,,,serine/threonine-protein kinase 38-like,N
Q96PY6,NEK1,Tclin,protein,kinase,protein kinase,other group,NEK family,,,,,,serine/threonine-protein kinase nek1,N
Q6ZWH5,NEK10,Tgray,protein,kinase,protein kinase,other group,NEK family,,,,,,serine/threonine-protein kinase nek10,N
Q8NG66,NEK11,Tclin,protein,kinase,protein kinase,other group,NEK family,,,,,,serine/threonine-protein kinase nek11,N
P51955,NEK2,Tclin,protein,kinase,protein kinase,other group,NEK family,,,,,,serine/threonine-protein kinase nek2,N
P51956,NEK3,Tchem,protein,kinase,protein kinase,other group,NEK family,,,,,,serine/threonine-protein kinase nek3,N
P51957,NEK4,Tclin,protein,kinase,protein kinase,other group,NEK family,,,,,,serine/threonine-protein kinase nek4,N
Q6P3R8,NEK5,Tchem,protein,kinase,protein kinase,other group,NEK family,,,,,,serine/threonine-protein kinase nek5,N
Q9HC98,NEK6,Tclin,protein,kinase,protein kinase,other group,NEK family,,,,,,serine/threonine-protein kinase nek6,N
Q8TDX7,NEK7,Tchem,protein,kinase,protein kinase,other group,NEK family,,,,,,serine/threonine-protein kinase nek7,N
Q86SG6,NEK8,Tmacro,protein,kinase,protein kinase,other group,NEK family,,,,,,serine/threonine-protein kinase nek8,N
Q8TD19,NEK9,Tclin,protein,kinase,protein kinase,other group,NEK family,,,,,,serine/threonine-protein kinase nek9,N
Q99558,MAP3K14,Tgray,protein,kinase,protein kinase,STE group,STE-UNIQUE family,,,,,,mitogen-activated protein kinase kinase kinase 14,N
Q8IY84,NIM1K,Tclin,protein,kinase,protein kinase,CAMK group,CAMKL family,NIM1 subfamily,,,,,serine/threonine-protein kinase nim1,N
Q9UBE8,NLK,Tclin,protein,kinase,protein kinase,CMGC group,MAPK family,NMO subfamily,,,,,serine/threonine-protein kinase nlk,N
Q9UHY1,NRBP1,Tmacro,protein,kinase,protein kinase,other group,NRBP family,,,,,,nuclear receptor-binding protein,Y
Q9NSY0,NRBP2,Tgray,protein,kinase,protein kinase,other group,NRBP family,,,,,,nuclear receptor-binding protein 2,Y
Q7Z2Y5,NRK,Tmacro,protein,kinase,protein kinase,STE group,STE20 family,,,,,,Nik-related protein kinase,N
O60285,NUAK1,Tclin,protein,kinase,protein kinase,CAMK group,CAMKL family,NuaK subfamily,,,,,NUAK family snf1-like kinase 1,N
Q9H093,NUAK2,Tclin,protein,kinase,protein kinase,CAMK group,CAMKL family,NuaK subfamily,,,,,NUAK family snf1-like kinase 2,N
Q5VST9,OBSCN,Tmacro,protein,kinase,protein kinase,CAMK group,TRIO family,,,,,,obscurin,N
O95747,OXSR1,Tclin,protein,kinase,protein kinase,STE group,STE20 family,FRAY subfamily,,,,,serine/threonine-protein kinase osr1,N
Q16539,MAPK14,Tclin,protein,kinase,protein kinase,CMGC group,MAPK family,p38 subfamily,,,,,mitogen-activated protein kinase 14,N
Q15759,MAPK11,Tclin,protein,kinase,protein kinase,CMGC group,MAPK family,p38 subfamily,,,,,mitogen-activated protein kinase 11,N
O15264,MAPK13,Tclin,protein,kinase,protein kinase,CMGC group,MAPK family,p38 subfamily,,,,,mitogen-activated protein kinase 13,N
P53778,MAPK12,Tchem,protein,kinase,protein kinase,CMGC group,MAPK family,p38 subfamily,,,,,mitogen-activated protein kinase 12,N
P23443,RPS6KB1,Tclin,protein,kinase,protein kinase,AGC group,RSK family,p70 subfamily,,,,,ribosomal protein s6 kinase beta-1,N
Q9UBS0,RPS6KB2,Tchem,protein,kinase,protein kinase,AGC group,RSK family,p70 subfamily,,,,,ribosomal protein s6 kinase beta-2,N
Q13153,PAK1,Tclin,protein,kinase,protein kinase,STE group,STE20 family,PAKA subfamily,,,,,serine/threonine-protein kinase pak 1,N
Q13177,PAK2,Tchem,protein,kinase,protein kinase,STE group,STE20 family,PAKA subfamily,,,,,serine/threonine-protein kinase pak 2,N
O75914,PAK3,Tclin,protein,kinase,protein kinase,STE group,STE20 family,PAKA subfamily,,,,,serine/threonine-protein kinase pak 3,N
O96013,PAK4,Tclin,protein,kinase,protein kinase,STE group,STE20 family,PAKB subfamily,,,,,serine/threonine-protein kinase pak 4,N
Q9P286,PAK7,Tclin,protein,kinase,protein kinase,STE group,STE20 family,PAKB subfamily,,,,,serine/threonine-protein kinase pak 7,N
Q9NQU5,PAK6,Tclin,protein,kinase,protein kinase,STE group,STE20 family,PAKB subfamily,,,,,serine/threonine-protein kinase pak 6,N
Q96RG2,PASK,Tmacro,protein,kinase,protein kinase,CAMK group,CAMKL family,PASK subfamily,,,,,PAS domain-containing serine/threonine-protein kinase,N
Q96KB5,PBK,Tchem,protein,kinase,protein kinase,other group,TOPK family,,,,,,lymphokine-activated killer t-cell-originated protein kinase,N
Q00536,CDK16,Tclin,protein,kinase,protein kinase,CMGC group,CDK family,TAIRE subfamily,,,,,cyclin-dependent kinase 16,N
Q00537,CDK17,Tclin,protein,kinase,protein kinase,CMGC group,CDK family,TAIRE subfamily,,,,,cyclin-dependent kinase 17,N
Q07002,CDK18,Tchem,protein,kinase,protein kinase,CMGC group,CDK family,TAIRE subfamily,,,,,cyclin-dependent kinase 18,N
P16234,PDGFRA,Tclin,protein,kinase,protein kinase,TK group,PDGFR family,,,,,,platelet-derived growth factor receptor alpha,N
P09619,PDGFRB,Tclin,protein,kinase,protein kinase,TK group,PDGFR family,,,,,,platelet-derived growth factor receptor beta,N
O15530,PDPK1,Tclin,protein,kinase,protein kinase,AGC group,PDK1 family,PDK1 subfamily,,,,,3-phosphoinositide-dependent protein kinase 1,N
Q9NZJ5,EIF2AK3,Tchem,protein,kinase,protein kinase,other group,PEK family,PEK subfamily,,,,,eukaryotic translation initiation factor 2-alpha kinase 3,N
O94921,CDK14,Tclin,protein,kinase,protein kinase,CMGC group,CDK family,TAIRE subfamily,,,,,cyclin-dependent kinase 14,N
Q96Q40,CDK15,Tclin,protein,kinase,protein kinase,CMGC group,CDK family,TAIRE subfamily,,,,,cyclin-dependent kinase 15,N
Q16816,PHKG1,Tclin,protein,kinase,protein kinase,CAMK group,PHK family,,,,,,"phosphorylase b kinase gamma catalytic chain, skeletal muscle/heart isoform",N
P15735,PHKG2,Tclin,protein,kinase,protein kinase,CAMK group,PHK family,,,,,,"phosphorylase b kinase gamma catalytic chain, liver/testis isoform",N
Q99570,PIK3R4,Tmacro,protein,kinase,protein kinase,other group,VPS15 family,,,,,,phosphoinositide 3-kinase regulatory subunit 4,N
P11309,PIM1,Tclin,protein,kinase,protein kinase,CAMK group,PIM family,,,,,,serine/threonine-protein kinase pim-1,N
Q9P1W9,PIM2,Tclin,protein,kinase,protein kinase,CAMK group,PIM family,,,,,,serine/threonine-protein kinase pim-2,N
Q86V86,PIM3,Tclin,protein,kinase,protein kinase,CAMK group,PIM family,,,,,,serine/threonine-protein kinase pim-3,N
Q9BXM7,PINK1,Tmacro,protein,kinase,protein kinase,other group,NKF2 family,,,,,,"serine/threonine-protein kinase pink1, mitochondrial",N
P21127,CDK11B,Tclin,protein,kinase,protein kinase,CMGC group,CDK family,PITSLRE subfamily,,,,,cyclin-dependent kinase 11b,N
P17612,PRKACA,Tchem,protein,kinase,protein kinase,AGC group,PKA family,,,,,,camp-dependent protein kinase catalytic subunit alpha,N
P22694,PRKACB,Tchem,protein,kinase,protein kinase,AGC group,PKA family,,,,,,camp-dependent protein kinase catalytic subunit beta,N
P22612,PRKACG,Tgray,protein,kinase,protein kinase,AGC group,PKA family,,,,,,camp-dependent protein kinase catalytic subunit gamma,N
P17252,PRKCA,Tclin,protein,kinase,protein kinase,AGC group,PKC family,PKC alpha subfamily,,,,,protein kinase c alpha type,N
P05771,PRKCB,Tclin,protein,kinase,protein kinase,AGC group,PKC family,PKC alpha subfamily,,,,,protein kinase c beta type,N
Q05655,PRKCD,Tclin,protein,kinase,protein kinase,AGC group,PKC family,PKC delta subfamily,,,,,protein kinase c delta type,N
Q02156,PRKCE,Tclin,protein,kinase,protein kinase,AGC group,PKC family,PKC eta subfamily,,,,,protein kinase c epsilon type,N
P05129,PRKCG,Tclin,protein,kinase,protein kinase,AGC group,PKC family,PKC alpha subfamily,,,,,protein kinase c gamma type,N
P24723,PRKCH,Tclin,protein,kinase,protein kinase,AGC group,PKC family,PKC eta subfamily,,,,,protein kinase c eta type,N
P41743,PRKCI,Tchem,protein,kinase,protein kinase,AGC group,PKC family,PKC iota subfamily,,,,,protein kinase c iota type,N
Q04759,PRKCQ,Tclin,protein,kinase,protein kinase,AGC group,PKC family,PKC delta subfamily,,,,,protein kinase c theta type,N
Q05513,PRKCZ,Tmacro,protein,kinase,protein kinase,AGC group,PKC family,PKC iota subfamily,,,,,protein kinase c zeta type,N
Q15139,PRKD1,Tclin,protein,kinase,protein kinase,CAMK group,PKD family,,,,,,serine/threonine-protein kinase d1,N
Q9BZL6,PRKD2,Tclin,protein,kinase,protein kinase,CAMK group,PKD family,,,,,,serine/threonine-protein kinase d2,N
O94806,PRKD3,Tclin,protein,kinase,protein kinase,CAMK group,PKD family,,,,,,serine/threonine-protein kinase d3,N
Q13976,PRKG1,Tmacro,protein,kinase,protein kinase,AGC group,PKG family,,,,,,cGMP-dependent protein kinase 1,N
Q13237,PRKG2,Tclin,protein,kinase,protein kinase,AGC group,PKG family,,,,,,cGMP-dependent protein kinase 2,N
Q16512,PKN1,Tclin,protein,kinase,protein kinase,AGC group,PKN family,,,,,,serine/threonine-protein kinase n1,N
Q16513,PKN2,Tclin,protein,kinase,protein kinase,AGC group,PKN family,,,,,,serine/threonine-protein kinase n2,N
Q6P5Z2,PKN3,Tgray,protein,kinase,protein kinase,AGC group,PKN family,,,,,,serine/threonine-protein kinase n3,N
P19525,EIF2AK2,Tclin,protein,kinase,protein kinase,other group,PEK family,,,,,,"interferon-induced, double-stranded rna-activated protein kinase",N
P53350,PLK1,Tclin,protein,kinase,protein kinase,other group,PLK family,,,,,,serine/threonine-protein kinase plk1,N
Q9NYY3,PLK2,Tclin,protein,kinase,protein kinase,other group,PLK family,,,,,,serine/threonine-protein kinase plk2,N
Q9H4B4,PLK3,Tclin,protein,kinase,protein kinase,other group,PLK family,,,,,,serine/threonine-protein kinase plk3,N
O00444,PLK4,Tclin,protein,kinase,protein kinase,other group,PLK family,,,,,,serine/threonine-protein kinase plk4,N
P51817,PRKX,Tclin,protein,kinase,protein kinase,AGC group,PKA family,,,,,,camp-dependent protein kinase catalytic subunit prkx,N
O43930,PRKY,Tgray,protein,kinase,protein kinase,AGC group,PKA family,,,,,,putative serine/threonine-protein kinase prky,N
Q13523,PRPF4B,Tclin,protein,kinase,protein kinase,CMGC group,DYRK family,,,,,,serine/threonine-protein kinase prp4 homolog,N
Q96S44,TP53RK,Tmacro,protein,kinase,protein kinase,other group,BUD32 family,,,,,,TP53-regulating kinase,N
P11801,PSKH1,Tgray,protein,kinase,protein kinase,CAMK group,PSK family,,,,,,serine/threonine-protein kinase h1,N
Q96QS6,PSKH2,Tdark,protein,kinase,protein kinase,CAMK group,PSK family,,,,,,serine/threonine-protein kinase h2,Y
Q14289,PTK2B,Tclin,protein,kinase,protein kinase,TK group,FAK family,,,,,,protein-tyrosine kinase 2-beta,N
Q9H0K1,SIK2,Tclin,protein,kinase,protein kinase,CAMK group,CAMKL family,QIK subfamily,,,,,serine/threonine-protein kinase sik2,N
Q9Y2K2,SIK3,Tclin,protein,kinase,protein kinase,CAMK group,CAMKL family,QIK subfamily,,,,,serine/threonine-protein kinase sik3,N
P04049,RAF1,Tclin,protein,kinase,protein kinase,TKL group,RAF family,,,,,,RAF proto-oncogene serine/threonine-protein kinase,N
P07949,RET,Tclin,protein,kinase,protein kinase,TK group,RET family,,,,,,proto-oncogene tyrosine-protein kinase receptor ret,N
Q15835,GRK1,Tclin,protein,kinase,protein kinase,AGC group,GRK family,GRK subfamily,,,,,rhodopsin kinase,N
O14730,RIOK3,Tclin,protein,kinase,protein kinase,Atypical group,RIO family,RIO3 subfamily,,,,,serine/threonine-protein kinase rio3,N
Q9BRS2,RIOK1,Tclin,protein,kinase,protein kinase,Atypical group,RIO family,RIO1 subfamily,,,,,serine/threonine-protein kinase rio1,N
Q13546,RIPK1,Tclin,protein,kinase,protein kinase,TKL group,RIPK family,,,,,,receptor-interacting serine/threonine-protein kinase 1,N
O43353,RIPK2,Tclin,protein,kinase,protein kinase,TKL group,RIPK family,,,,,,receptor-interacting serine/threonine-protein kinase 2,N
Q9Y572,RIPK3,Tmacro,protein,kinase,protein kinase,TKL group,RIPK family,,,,,,receptor-interacting serine/threonine-protein kinase 3,N
Q05823,RNASEL,Tchem,protein,kinase,protein kinase,other group,other-UNIQUE family,,,,,,2-5a-dependent ribonuclease,N
Q13464,ROCK1,Tclin,protein,kinase,protein kinase,AGC group,DMPK family,ROCK subfamily,,,,,rho-associated protein kinase 1,N
O75116,ROCK2,Tclin,protein,kinase,protein kinase,AGC group,DMPK family,ROCK subfamily,,,,,rho-associated protein kinase 2,N
Q04912,MST1R,Tclin,protein,kinase,protein kinase,TK group,MET family,,,,,,macrophage-stimulating protein receptor,N
Q01973,ROR1,Tmacro,protein,kinase,protein kinase,TK group,ROR family,,,,,,tyrosine-protein kinase transmembrane receptor ror1,N
Q01974,ROR2,Tmacro,protein,kinase,protein kinase,TK group,ROR family,,,,,,tyrosine-protein kinase transmembrane receptor ror2,N
P08922,ROS1,Tclin,protein,kinase,protein kinase,TK group,SEV family,,,,,,proto-oncogene tyrosine-protein kinase ros,N
Q15349,RPS6KA2,Tclin,protein,kinase,protein kinase,AGC group,RSK family,RSK subfamily,,,,,ribosomal protein s6 kinase alpha-2,N
P51812,RPS6KA3,Tclin,protein,kinase,protein kinase,AGC group,RSK family,RSK subfamily,,,,,ribosomal protein s6 kinase alpha-3,N
Q15418,RPS6KA1,Tclin,protein,kinase,protein kinase,AGC group,RSK family,RSK subfamily,,,,,ribosomal protein s6 kinase alpha-1,N
Q9UK32,RPS6KA6,Tclin,protein,kinase,protein kinase,AGC group,RSK family,RSK subfamily,,,,,ribosomal protein s6 kinase alpha-6,N
Q96S38,RPS6KC1,Tgray,protein,kinase,protein kinase,AGC group,RSKL family,,,,,,ribosomal protein s6 kinase delta-1,Y
Q9Y6S9,RPS6KL1,Tdark,protein,kinase,protein kinase,AGC group,RSKL family,,,,,,ribosomal protein s6 kinase-like 1,Y
P34925,RYK,Tmacro,protein,kinase,protein kinase,TK group,RYK family,,,,,,tyrosine-protein kinase ryk,Y
Q52WX2,SBK1,Tclin,protein,kinase,protein kinase,other group,NKF1 family,,,,,,serine/threonine-protein kinase sbk1,N
Q96KG9,SCYL1,Tmacro,protein,kinase,protein kinase,other group,SCY1 family,,,,,,N-terminal kinase-like protein,Y
Q6P3W7,SCYL2,Tgray,protein,kinase,protein kinase,other group,SCY1 family,,,,,,SCY1-like protein 2,Y
Q8IZE3,SCYL3,Tgray,protein,kinase,protein kinase,other group,SCY1 family,,,,,,protein-associating with the carboxyl-terminal domain of ezrin,Y
O00141,SGK1,Tclin,protein,kinase,protein kinase,AGC group,SGK family,,,,,,serine/threonine-protein kinase sgk1,N
P0C263,SBK2,Tgray,protein,kinase,protein kinase,other group,NKF1 family,,,,,,serine/threonine-protein kinase sbk2,N
Q8NE28,STKLD1,Tdark,protein,kinase,protein kinase,other group,SGK071 family,,,,,,serine/threonine kinase-like domain-containing protein stkld1,Y
Q86YV6,MYLK4,Tclin,protein,kinase,protein kinase,CAMK group,MLCK family,,,,,,myosin light chain kinase family member 4,N
P0C264,SBK3,Tclin,protein,kinase,protein kinase,other group,NKF1 family,,,,,,uncharacterized serine/threonine-protein kinase sbk3,N
Q9H5K3,POMK,Tdark,protein,kinase,protein kinase,other group,other-UNIQUE family,,,,,,protein O-mannose kinase,Y
Q9HBY8,SGK2,Tmacro,protein,kinase,protein kinase,AGC group,SGK family,,,,,,serine/threonine-protein kinase sgk2,N
Q9H792,PEAK1,Tmacro,protein,kinase,protein kinase,other group,NKF3 family,,,,,,pseudopodium-enriched atypical kinase 1,Y
Q8NFD2,ANKK1,Tclin,protein,kinase,protein kinase,TKL group,RIPK family,,,,,,ankyrin repeat and protein kinase domain-containing protein 1,N
Q96BR1,SGK3,Tclin,protein,kinase,protein kinase,AGC group,SGK family,,,,,,serine/threonine-protein kinase sgk3,N
Q8IWB6,TEX14,Tmacro,protein,kinase,protein kinase,other group,NKF5 family,,,,,,inactive serine/threonine-protein kinase tex14,Y
Q9BXU1,STK31,Tgray,protein,kinase,protein kinase,other group,other-UNIQUE family,,,,,,serine/threonine-protein kinase 31,Y
Q504Y2,PKDCC,Tmacro,protein,kinase,protein kinase,other group,SGK493 family,,,,,,"protein kinase domain-containing protein, cytoplasmic",N
Q96LW2,SGK494,Tdark,protein,kinase,protein kinase,AGC group,RSKR family,,,,,,uncharacterized serine/threonine-protein kinase sgk494,N
Q8N2I9,STK40,Tmacro,protein,kinase,protein kinase,CAMK group,SGK495 family,,,,,,serine/threonine-protein kinase 40,Y
Q6XUX3,DSTYK,Tclin,protein,kinase,protein kinase,other group,SGK496 family,,,,,,dual serine/threonine and tyrosine protein kinase,N
P57059,SIK1,Tclin,protein,kinase,protein kinase,CAMK group,CAMKL family,QIK subfamily,,,,,serine/threonine-protein kinase sik1,N
Q9H1R3,MYLK2,Tclin,protein,kinase,protein kinase,CAMK group,MLCK family,,,,,,"myosin light chain kinase 2, skeletal/cardiac muscle",N
Q9H2G2,SLK,Tclin,protein,kinase,protein kinase,STE group,STE20 family,SLK subfamily,,,,,STE20-like serine/threonine-protein kinase,N
Q7Z7A4,PXK,Tmacro,protein,kinase,protein kinase,other group,SLOB family,,,,,,PX domain-containing protein kinase-like protein,Y
Q15746,MYLK,Tclin,protein,kinase,protein kinase,CAMK group,MLCK family,,,,,,"myosin light chain kinase, smooth muscle",N
Q9NRH2,SNRK,Tclin,protein,kinase,protein kinase,CAMK group,CAMKL family,SNRK subfamily,,,,,SNF-related serine/threonine-protein kinase,N
Q15772,SPEG,Tmacro,protein,kinase,protein kinase,CAMK group,TRIO family,,,,,,striated muscle preferentially expressed protein kinase,N
P12931,SRC,Tclin,protein,kinase,protein kinase,TK group,SRC family,,,,,,proto-oncogene tyrosine-protein kinase src,N
Q9H3Y6,SRMS,Tclin,protein,kinase,protein kinase,TK group,SRC family,,,,,,tyrosine-protein kinase srms,N
Q96SB4,SRPK1,Tclin,protein,kinase,protein kinase,CMGC group,SRPK family,,,,,,SRSF protein kinase 1,N
P78362,SRPK2,Tclin,protein,kinase,protein kinase,CMGC group,SRPK family,,,,,,SRSF protein kinase 2,N
Q9BXA6,TSSK6,Tmacro,protein,kinase,protein kinase,CAMK group,TSSK family,,,,,,testis-specific serine/threonine-protein kinase 6,N
Q9BYT3,STK33,Tclin,protein,kinase,protein kinase,CAMK group,CAMK-UNIQUE family,,,,,,serine/threonine-protein kinase 33,N
Q9UEW8,STK39,Tclin,protein,kinase,protein kinase,STE group,STE20 family,FRAY subfamily,,,,,STE20/sps1-related proline-alanine-rich protein kinase,N
Q7RTN6,STRADA,Tmacro,protein,kinase,protein kinase,STE group,STE20 family,,,,,,STE20-related kinase adapter protein alpha,Y
Q9C0K7,STRADB,Tgray,protein,kinase,protein kinase,STE group,STE20 family,,,,,,STE20-related kinase adapter protein beta,Y
Q6J9G0,STYK1,Tmacro,protein,kinase,protein kinase,TK group,TK-UNIQUE family,,,,,,tyrosine-protein kinase styk1,Y
P43405,SYK,Tclin,protein,kinase,protein kinase,TK group,SYK family,,,,,,tyrosine-protein kinase syk,N
O43318,MAP3K7,Tclin,protein,kinase,protein kinase,TKL group,MLK family,TAK1 subfamily,,,,,mitogen-activated protein kinase kinase kinase 7,N
Q7L7X3,TAOK1,Tclin,protein,kinase,protein kinase,STE group,STE20 family,TAO subfamily,,,,,serine/threonine-protein kinase tao1,N
Q9UL54,TAOK2,Tclin,protein,kinase,protein kinase,STE group,STE20 family,TAO subfamily,,,,,serine/threonine-protein kinase tao2,N
Q9H2K8,TAOK3,Tclin,protein,kinase,protein kinase,STE group,STE20 family,TAO subfamily,,,,,serine/threonine-protein kinase tao3,N
Q8TEA7,TBCK,Tdark,protein,kinase,protein kinase,other group,TBCK family,,,,,,TBCdomain-containing protein kinase-like protein,Y
Q9UHD2,TBK1,Tclin,protein,kinase,protein kinase,other group,IKK family,,,,,,serine/threonine-protein kinase tbk1,N
P42680,TEC,Tclin,protein,kinase,protein kinase,TK group,TEC family,,,,,,tyrosine-protein kinase tec,N
Q15569,TESK1,Tclin,protein,kinase,protein kinase,TKL group,LISK family,TESK subfamily,,,,,dual specificity testis-specific protein kinase 1,N
Q96S53,TESK2,Tgray,protein,kinase,protein kinase,TKL group,LISK family,,,,,,dual specificity testis-specific protein kinase 2,N
P36897,TGFBR1,Tclin,protein,kinase,protein kinase,TKL group,STKR family,STKR Type 1 subfamily,,,,,TGF-beta receptor type-1,N
P37173,TGFBR2,Tclin,protein,kinase,protein kinase,TKL group,STKR family,STKR Type 2 subfamily,,,,,TGF-beta receptor type-2,N
P35590,TIE1,Tclin,protein,kinase,protein kinase,TK group,TIE family,,,,,,tyrosine-protein kinase receptor tie-1,N
Q02763,TEK,Tclin,protein,kinase,protein kinase,TK group,TIE family,,,,,,angiopoietin-1 receptor,N
Q9UKI8,TLK1,Tclin,protein,kinase,protein kinase,other group,TLK family,,,,,,serine/threonine-protein kinase tousled-like 1,N
Q86UE8,TLK2,Tclin,protein,kinase,protein kinase,other group,TLK family,,,,,,serine/threonine-protein kinase tousled-like 2,N
Q9UKE5,TNIK,Tclin,protein,kinase,protein kinase,STE group,STE20 family,MSN subfamily,,,,,TRAF2 and nck-interacting protein kinase,N
Q13470,TNK1,Tclin,protein,kinase,protein kinase,TK group,ACK family,,,,,,non-receptor tyrosine-protein kinase tnk1,N
O60229,KALRN,Tmacro,protein,kinase,protein kinase,CAMK group,TRIO family,,,,,,kalirin,N
Q96RU8,TRIB1,Tmacro,protein,kinase,protein kinase,CAMK group,TRBL family,,,,,,tribbles homolog 1,Y
Q92519,TRIB2,Tmacro,protein,kinase,protein kinase,CAMK group,TRBL family,,,,,,tribbles homolog 2,Y
Q96RU7,TRIB3,Tmacro,protein,kinase,protein kinase,CAMK group,TRBL family,,,,,,tribbles homolog 3,Y
O75962,TRIO,Tmacro,protein,kinase,protein kinase,CAMK group,TRIO family,,,,,,triple functional domain protein,N
P04629,NTRK1,Tclin,protein,kinase,protein kinase,TK group,TRK family,,,,,,high affinity nerve growth factor receptor,N
Q16620,NTRK2,Tclin,protein,kinase,protein kinase,TK group,TRK family,,,,,,BDNF/NT-3 growth factors receptor,N
Q16288,NTRK3,Tclin,protein,kinase,protein kinase,TK group,TRK family,,,,,,NT-3 growth factor receptor,N
Q9BXA7,TSSK1B,Tclin,protein,kinase,protein kinase,CAMK group,TSSK family,,,,,,testis-specific serine/threonine-protein kinase 1,N
Q96PF2,TSSK2,Tchem,protein,kinase,protein kinase,CAMK group,TSSK family,,,,,,testis-specific serine/threonine-protein kinase 2,N
Q96PN8,TSSK3,Tclin,protein,kinase,protein kinase,CAMK group,TSSK family,,,,,,testis-specific serine/threonine-protein kinase 3,N
Q6SA08,TSSK4,Tgray,protein,kinase,protein kinase,CAMK group,TSSK family,,,,,,testis-specific serine/threonine-protein kinase 4,N
Q5TCY1,TTBK1,Tmacro,protein,kinase,protein kinase,CK1 group,TTBK family,,,,,,Tau-tubulin kinase 1,N
Q6IQ55,TTBK2,Tmacro,protein,kinase,protein kinase,CK1 group,TTBK family,,,,,,Tau-tubulin kinase 2,N
P33981,TTK,Tclin,protein,kinase,protein kinase,other group,TTK family,,,,,,dual specificity protein kinase ttk,N
P42681,TXK,Tclin,protein,kinase,protein kinase,TK group,TEC family,,,,,,tyrosine-protein kinase txk,N
P29597,TYK2,Tclin,protein,kinase,protein kinase,TK group,JAKA family,,,,,,non-receptor tyrosine-protein kinase tyk2,Y
Q06418,TYRO3,Tclin,protein,kinase,protein kinase,TK group,AXL family,,,,,,tyrosine-protein kinase receptor tyro3,N
O75385,ULK1,Tclin,protein,kinase,protein kinase,other group,ULK family,,,,,,serine/threonine-protein kinase ulk1,N
Q8IYT8,ULK2,Tclin,protein,kinase,protein kinase,other group,ULK family,,,,,,serine/threonine-protein kinase ulk2,N
Q6PHR2,ULK3,Tclin,protein,kinase,protein kinase,other group,ULK family,,,,,,serine/threonine-protein kinase ulk3,N
Q96C45,ULK4,Tgray,protein,kinase,protein kinase,other group,ULK family,,,,,,serine/threonine-protein kinase ulk4,Y
Q8NCB2,CAMKV,Tmacro,protein,kinase,protein kinase,CAMK group,CAMK-UNIQUE family,,,,,,CAM kinase-like vesicle-associated protein,Y
Q99986,VRK1,Tmacro,protein,kinase,protein kinase,CK1 group,VRK family,,,,,,serine/threonine-protein kinase VRK1,N
Q86Y07,VRK2,Tclin,protein,kinase,protein kinase,CK1 group,VRK family,,,,,,serine/threonine-protein kinase VRK2,N
Q8IV63,VRK3,Tgray,protein,kinase,protein kinase,CK1 group,VRK family,,,,,,inactive serine/threonine-protein kinase vrk3,Y
P30291,WEE1,Tclin,protein,kinase,protein kinase,other group,WEE family,,,,,,Wee1-like protein kinase,N
P0C1S8,WEE2,Tclin,protein,kinase,protein kinase,other group,WEE family,,,,,,Wee1-like protein kinase 2,N
Q9H4A3,WNK1,Tchem,protein,kinase,protein kinase,other group,WNK family,,,,,,serine/threonine-protein kinase wnk1,N
Q9Y3S1,WNK2,Tchem,protein,kinase,protein kinase,other group,WNK family,,,,,,serine/threonine-protein kinase wnk2,N
Q9BYP7,WNK3,Tmacro,protein,kinase,protein kinase,other group,WNK family,,,,,,serine/threonine-protein kinase wnk3,N
Q96J92,WNK4,Tmacro,protein,kinase,protein kinase,other group,WNK family,,,,,,serine/threonine-protein kinase wnk4,N
Q8WU08,STK32A,Tchem,protein,kinase,protein kinase,AGC group,YANK family,,,,,,serine/threonine-protein kinase 32a,N
Q9NY57,STK32B,Tclin,protein,kinase,protein kinase,AGC group,YANK family,,,,,,serine/threonine-protein kinase 32b,N
Q86UX6,STK32C,Tmacro,protein,kinase,protein kinase,AGC group,YANK family,,,,,,serine/threonine-protein kinase 32c,N
P07947,YES1,Tclin,protein,kinase,protein kinase,TK group,SRC family,,,,,,tyrosine-protein kinase yes,N
O00506,STK25,Tclin,protein,kinase,protein kinase,STE group,STE20 family,YSK subfamily,,,,,serine/threonine-protein kinase 25,N
Q9NYL2,ZAK,Tclin,protein,kinase,protein kinase,TKL group,MLK family,MLK subfamily,,,,,mitogen-activated protein kinase kinase kinase mlt,N
P43403,ZAP70,Tchem,protein,kinase,protein kinase,TK group,SYK family,,,,,,tyrosine-protein kinase zap-70,N
O00142,TK2,Tchem,protein,kinase,Non-protein kinase,,,,nucleoside kinase,DCK/DGK family,,,"thymidine kinase 2, mitochondrial",N
O00329,PIK3CD,Tmacro,protein,kinase,Non-protein kinase,,,,lipid kinase,PI3/PI4 kinase family,,,"phosphatidylinositol 4,5-bisphosphate 3-kinase catalytic subunit delta isoform",N
O00443,PIK3C2A,Tclin,protein,kinase,Non-protein kinase,,,,lipid kinase,Phosphoinositide 3-kinase (PI3K) family,,,phosphatidylinositol 4-phosphate 3-kinase c2 domain-containing subunit alpha,N
O00750,PIK3C2B,Tmacro,protein,kinase,Non-protein kinase,,,,lipid kinase,PI3/PI4 kinase family,,,phosphatidylinositol 4-phosphate 3-kinase c2 domain-containing subunit beta,N
O00764,PDXK,Tmacro,protein,kinase,Non-protein kinase,,,,other small molecule kinase,Pyridoxine kinase family,,,pyridoxal kinase,N
O14986,PIP5K1B,Tmacro,protein,kinase,Non-protein kinase,,,,lipid kinase,,,,phosphatidylinositol 4-phosphate 5-kinase type-1 beta,N
O60331,PIP5K1C,Tmacro,protein,kinase,Non-protein kinase,,,,lipid kinase,Type I phosphatidylinositol-4-phosphate 5-kinase family,,,phosphatidylinositol 4-phosphate 5-kinase type-1 gamma,N
O75747,PIK3C2G,Tgray,protein,kinase,Non-protein kinase,,,,lipid kinase,PI3/PI4 kinase family,,,phosphatidylinositol 4-phosphate 3-kinase c2 domain-containing subunit gamma,N
P00558,PGK1,Tchem,protein,kinase,Non-protein kinase,,,,other small molecule kinase,Phosphoglycerate kinase family,,,phosphoglycerate kinase 1,N
P00568,AK1,Tmacro,protein,kinase,Non-protein kinase,,,,nucleotide kinase,Adenylate kinase family,AK1 subfamily,,adenylate kinase isoenzyme 1,N
P04183,TK1,Tclin,protein,kinase,Non-protein kinase,,,,nucleoside kinase,Thymidine kinase family,,,"thymidine kinase, cytosolic",N
P17858,PFKL,Tmacro,protein,kinase,Non-protein kinase,,,,carbohydrate kinase,Phosphofructokinase type A (PFKA) family,ATP-dependent PFK group I subfamily,"Eukaryotic two domain clade ""E"" sub-subfamily","ATP-dependent 6-phosphofructokinase, liver type",N
P19367,HK1,Tmacro,protein,kinase,Non-protein kinase,,,,carbohydrate kinase,Hexokinase family,,,hexokinase-1,N
P23919,DTYMK,Tchem,protein,kinase,Non-protein kinase,,,,nucleotide kinase,Thymidylate kinase family,,,thymidylate kinase,N
P27707,DCK,Tclin,protein,kinase,Non-protein kinase,,,,nucleoside kinase,DCK/DGK family,,,deoxycytidine kinase,N
P27987,ITPKB,Tmacro,protein,kinase,Non-protein kinase,,,,lipid kinase,Inositol phosphokinase (IPK) family,,,inositol-trisphosphate 3-kinase b,N
P42336,PIK3CA,Tclin,protein,kinase,Non-protein kinase,,,,lipid kinase,PI3/PI4 kinase family,,,"phosphatidylinositol 4,5-bisphosphate 3-kinase catalytic subunit alpha isoform",N
P42338,PIK3CB,Tmacro,protein,kinase,Non-protein kinase,,,,lipid kinase,PI3/PI4 kinase family,,,"phosphatidylinositol 4,5-bisphosphate 3-kinase catalytic subunit beta isoform",N
P42356,PI4KA,Tmacro,protein,kinase,Non-protein kinase,,,,lipid kinase,PI3/PI4 kinase family,Type III PI4K subfamily,,phosphatidylinositol 4-kinase alpha,N
P46019,PHKA2,Tchem,protein,kinase,protein kinase,,Phosphorylase b kinase regulatory chain family,,,,,,"phosphorylase b kinase regulatory subunit alpha, liver isoform",N
P46020,PHKA1,Tchem,protein,kinase,protein kinase,,Phosphorylase b kinase regulatory chain family,,,,,,"phosphorylase b kinase regulatory subunit alpha, skeletal muscle isoform",N
P48736,PIK3CG,Tclin,protein,kinase,Non-protein kinase,,,,lipid kinase,PI3/PI4 kinase family,,,"phosphatidylinositol 4,5-bisphosphate 3-kinase catalytic subunit gamma isoform",N
P54819,AK2,Tmacro,protein,kinase,Non-protein kinase,,,,nucleotide kinase,Adenylate kinase family,AK2 subfamily,,"adenylate kinase 2, mitochondrial",N
P55263,ADK,Tclin,protein,kinase,Non-protein kinase,,,,nucleoside kinase,,,,adenosine kinase,N
P67870,CSNK2B,Tmacro,protein,kinase,protein kinase,CMGC group,CK2 family,,,,,,casein kinase ii subunit beta,N
P78356,PIP4K2B,Tgray,protein,kinase,Non-protein kinase,,,,lipid kinase,,,,phosphatidylinositol 5-phosphate 4-kinase type-2 beta,N
P78527,PRKDC,Tclin,protein,kinase,protein kinase,Atypical group,PIKK family,DNAPK subfamily,,,,,dna-dependent protein kinase catalytic subunit,N
Q13535,ATR,Tchem,protein,kinase,protein kinase,Atypical group,PIKK family,ATR subfamily,,,,,serine/threonine-protein kinase atr,N
Q13572,ITPK1,Tmacro,protein,kinase,Non-protein kinase,,,,lipid kinase,ITPK1 family,,,inositol-tetrakisphosphate 1-kinase,N
Q14410,GK2,Tgray,protein,kinase,Non-protein kinase,,,,other small molecule kinase,FGGY kinase family,,,glycerol kinase 2,N
Q15118,PDK1,Tmacro,protein,kinase,protein kinase,Atypical group,PDHK family,,,,,,"[pyruvate dehydrogenase (acetyl-transferring)] kinase isozyme 1, mitochondrial",N
Q16822,PCK2,Tmacro,protein,kinase,Non-protein kinase,,,,other small molecule kinase,Phosphoenolpyruvate carboxykinase [GTP] family,,,"phosphoenolpyruvate carboxykinase [gtp], mitochondrial",N
Q16854,DGUOK,Tclin,protein,kinase,Non-protein kinase,,,,nucleoside kinase,DCK/DGK family,,,"deoxyguanosine kinase, mitochondrial",N
Q8NEB9,PIK3C3,Tchem,protein,kinase,Non-protein kinase,,,,lipid kinase,PI3/PI4 kinase family,,,phosphatidylinositol 3-kinase catalytic subunit type 3,N
Q8NI60,ADCK3,Tclin,protein,kinase,protein kinase,Atypical group,ABC1 family,ABC1-A subfamily,,,,,"Atypical kinase ADCK3, mitochondrial",N
Q8TBX8,PIP4K2C,Tgray,protein,kinase,Non-protein kinase,,,,lipid kinase,,,,phosphatidylinositol 5-phosphate 4-kinase type-2 gamma,N
Q96D53,ADCK4,Tchem,protein,kinase,protein kinase,Atypical group,ABC1 family,ABC1-A subfamily,,,,,aarf domain-containing protein kinase 4,N
Q99755,PIP5K1A,Tgray,protein,kinase,Non-protein kinase,,,,lipid kinase,,,,phosphatidylinositol 4-phosphate 5-kinase type-1 alpha,N
Q9BTU6,PI4K2A,Tchem,protein,kinase,Non-protein kinase,,,,lipid kinase,PI3/PI4 kinase family,Type II PI4K subfamily,,phosphatidylinositol 4-kinase type 2-alpha,N
Q9BVS4,RIOK2,Tclin,protein,kinase,protein kinase,Atypical group,RIO family,RIO2 subfamily,,,,,serine/threonine-protein kinase rio2,N
Q9BX84,TRPM6,Tclin,protein,kinase,protein kinase,Atypical group,Alpha family,ChaK subfamily,,,,,transient receptor potential cation channel subfamily m member 6,N
Q9H3S4,TPK1,Tclin,protein,kinase,Non-protein kinase,,,,other small molecule kinase,Thiamine pyrophosphokinase family,,,thiamin pyrophosphokinase 1,N
Q9HA47,UCK1,Tmacro,protein,kinase,Non-protein kinase,,,,nucleoside kinase,Uridine kinase family,,,uridine-cytidine kinase 1,N
Q9NRA0,SPHK2,Tchem,protein,kinase,Non-protein kinase,,,,lipid kinase,,,,sphingosine kinase 2,N
Q9UBF8,PI4KB,Tmacro,protein,kinase,Non-protein kinase,,,,lipid kinase,PI3/PI4 kinase family,,,phosphatidylinositol 4-kinase beta,N
Q9UIJ7,AK3,Tmacro,protein,kinase,Non-protein kinase,,,,nucleotide kinase,Adenylate kinase family,AK3 subfamily,,"GTP:AMP phosphotransferase AK3, mitochondrial",N
Q9UQ88,CDK11A,Tclin,protein,kinase,protein kinase,CMGC group,CDK family,PITSLRE subfamily,,,,,cyclin-dependent kinase 11a,N
Q9Y2I7,PIKFYVE,Tmacro,protein,kinase,Non-protein kinase,,,,lipid kinase,,,,1-phosphatidylinositol 3-phosphate 5-kinase,N
Q9Y6K9,IKBKG,Tchem,protein,kinase,protein kinase,,,,,,,,nf-kappa-b essential modulator,N
Q8TF76,GSG2,Tchem,protein,kinase,protein kinase,other group,HASPIN family,,,,,,serine/threonine-protein kinase haspin,N
P48426,PIP4K2A,Tmacro,protein,kinase,Non-protein kinase,,,,lipid kinase,,,,phosphatidylinositol 5-phosphate 4-kinase type-2 alpha,N
Q96Q15,SMG1,Tmacro,protein,kinase,protein kinase,Atypical group,PIKK family,,,,,,serine/threonine-protein kinase smg1,N
P20827,EFNA1,Tmacro,protein,kinase,protein kinase,TK group,Ephrin family,,,,,,ephrin-a1,N
P23743,DGKA,Tmacro,protein,kinase,Non-protein kinase,,,,lipid kinase,Diacylglycerol kinase family,,,diacylglycerol kinase alpha,N
P52824,DGKQ,Tmacro,protein,kinase,Non-protein kinase,,,,lipid kinase,Diacylglycerol kinase family,,,diacylglycerol kinase theta,N
Q8NFU5,IPMK,Tmacro,protein,kinase,Non-protein kinase,,,,lipid kinase,Inositol phosphokinase (IPK) family,,,inositol polyphosphate multikinase,N
P23677,ITPKA,Tmacro,protein,kinase,Non-protein kinase,,,,lipid kinase,Inositol phosphokinase (IPK) family,,,inositol-trisphosphate 3-kinase a,N
P35557,GCK,Tchem,protein,kinase,Non-protein kinase,,,,carbohydrate kinase,Hexokinase family,,,glucokinase,N
Q03426,MVK,Tmacro,protein,kinase,Non-protein kinase,,,,other small molecule kinase,GHMP kinase family,Mevalonate kinase subfamily,,mevalonate kinase,N
Q9NYA1,SPHK1,Tclin,protein,kinase,Non-protein kinase,,,,lipid kinase,,,,sphingosine kinase 1,N
O00418,EEF2K,Tmacro,protein,kinase,protein kinase,Atypical group,Alpha family,eEF2K subfamily,,,,,eukaryotic elongation factor 2 kinase,N
Q9BZX2,UCK2,Tclin,protein,kinase,Non-protein kinase,,,,nucleoside kinase,Uridine kinase family,,,uridine-cytidine kinase 2,N
Q9Y478,PRKAB1,Tmacro,protein,kinase,protein kinase,CAMK group,CAMKL family,,,,,,5-AMP-activated protein kinase subunit beta-1,N
P06732,CKM,Tmacro,protein,kinase,Non-protein kinase,,,,other small molecule kinase,ATP:guanido phosphotransferase family,,,creatine kinase m-type,N
Q8TE04,PANK1,Tclin,protein,kinase,Non-protein kinase,,,,other small molecule kinase,Type II pantothenate kinase family,,,pantothenate kinase 1,N
P54619,PRKAG1,Tmacro,protein,kinase,protein kinase,CAMK group,CAMKL family,,,,,,5-AMP-activated protein kinase subunit gamma-1,N
Q8TCT0,CERK,Tmacro,protein,kinase,Non-protein kinase,,,,lipid kinase,,,,ceramide kinase,N
P14618,PKM,Tmacro,protein,kinase,Non-protein kinase,,,,other small molecule kinase,,,,pyruvate kinase pkm,N
P35790,CHKA,Tclin,protein,kinase,Non-protein kinase,,,,other small molecule kinase,Choline/ethanolamine kinase family,,,choline kinase alpha,N
Q9Y259,CHKB,Tclin,protein,kinase,Non-protein kinase,,,,other small molecule kinase,Choline/ethanolamine kinase family,,,choline/ethanolamine kinase,N
Q16774,GUK1,Tmacro,protein,kinase,Non-protein kinase,,,,nucleotide kinase,Guanylate kinase family,,,guanylate kinase,N
Q15750,TAB1,Tmacro,protein,kinase,Unclassified protein,,,,,,,,TGF-beta-activated kinase 1 and map3k7-binding protein 1,N
O75569,PRKRA,Tmacro,protein,kinase,Unclassified protein,,,,,,,,interferon-inducible double-stranded rna-dependent protein kinase activator a,N
Q86XP1,DGKH,Tmacro,protein,kinase,Non-protein kinase,,,,lipid kinase,Diacylglycerol kinase family,,,diacylglycerol kinase eta,N
Q15120,PDK3,Tgray,protein,kinase,protein kinase,Atypical group,PDHK family,,,,,,"[pyruvate dehydrogenase (acetyl-transferring)] kinase isozyme 3, mitochondrial",N
Q15119,PDK2,Tmacro,protein,kinase,protein kinase,Atypical group,PDHK family,PDHK subfamily,,,,,"[pyruvate dehydrogenase (acetyl-transferring)] kinase isozyme 2, mitochondrial",N
P27986,PIK3R1,Tmacro,protein,kinase,Non-protein kinase,,,,lipid kinase,PI3K p85 subunit family,,,phosphatidylinositol 3-kinase regulatory subunit alpha,N
Q86TW2,ADCK1,Tdark,protein,kinase,protein kinase,Atypical group,ABC1 family,ABC1-B subfamily,,,,,uncharacterized aarf domain-containing protein kinase 1,N
P50053,KHK,Tmacro,protein,kinase,Non-protein kinase,,,,carbohydrate kinase,carbohydrate kinase PfkB family,,,ketohexokinase,N
Q7Z695,ADCK2,Tmacro,protein,kinase,protein kinase,Atypical group,ABC1 family,ABC1-C subfamily,,,,,uncharacterized aarf domain-containing protein kinase 2,N
Q3MIX3,ADCK5,Tdark,protein,kinase,protein kinase,Atypical group,ABC1 family,ABC1-B subfamily,,,,,uncharacterized aarf domain-containing protein kinase 5,N
Q96QP1,ALPK1,Tmacro,protein,kinase,protein kinase,Atypical group,Alpha family,,,,,,alpha-protein kinase 1,N
Q86TB3,ALPK2,Tmacro,protein,kinase,protein kinase,Atypical group,Alpha family,,,,,,alpha-protein kinase 2,N
Q96L96,ALPK3,Tdark,protein,kinase,protein kinase,Atypical group,Alpha family,,,,,,alpha-protein kinase 3,N
O14874,BCKDK,Tmacro,protein,kinase,protein kinase,Atypical group,PDHK family,,,,,,"[3-methyl-2-oxobutanoate dehydrogenase [lipoamide]] kinase, mitochondrial",N
Q8NEV1,CSNK2A3,Tdark,protein,kinase,protein kinase,CMGC group,CK2 family,,,,,,casein kinase ii subunit alpha 3,N
Q14296,FASTK,Tgray,protein,kinase,protein kinase,Atypical group,FAST family,,,,,,Fas-activated serine/threonine kinase,N
Q86YV5,SGK223,Tdark,protein,kinase,protein kinase,other group,NKF3 family,,,,,,tyrosine-protein kinase sgk223,Y
P21675,TAF1,Tmacro,protein,kinase,protein kinase,Atypical group,TAF1 family,,,,,,transcription initiation factor tfiid subunit 1,N
Q58A45,PAN3,Tgray,protein,kinase,protein kinase,other group,PAN3 family,,,,,,PAB-dependent poly(A)-specific ribonuclease subunit PAN3,N
Q16654,PDK4,Tchem,protein,kinase,protein kinase,Atypical group,PDHK family,,,,,,"[pyruvate dehydrogenase (acetyl-transferring)] kinase isozyme 4, mitochondrial",N
Q6A1A2,PDPK2P,Tdark,protein,kinase,protein kinase,,,,,,,,putative 3-phosphoinositide-dependent protein kinase 2,N
Q496M5,PLK5,Tgray,protein,kinase,protein kinase,other group,PLK family,PLK2 subfamily,,,,,inactive serine/threonine-protein kinase plk5,N
Q8WZ42,TTN,Tbio,protein,kinase,protein kinase,CAMK group,MLCK family,,,,,,Titin,N
P30613,PKLR,Tbio,protein,kinase,Non-protein kinase,,,,other small molecule kinase,,,,Pyruvate kinase PKLR,N
Q9H999,PANK3,Tgray,protein,kinase,Non-protein kinase,,,,other small molecule kinase,Type II pantothenate kinase family,,,Pantothenate kinase 3,N
Q9BZ23,PANK2,Tbio,protein,kinase,Non-protein kinase,,,,other small molecule kinase,Type II pantothenate kinase family,,,"Pantothenate kinase 2, mitochondrial",N
Q4VBA9,PFKFB1,,protein,kinase,Non-protein kinase,,,,carbohydrate kinase,,,,"6-phosphofructo-2-kinase/fructose-2,6-bisphosphatase 1",N
O60825,PFKFB2,Tbio,protein,kinase,Non-protein kinase,,,,carbohydrate kinase,,,,"6-phosphofructo-2-kinase/fructose-2,6-bisphosphatase 2",N
Q16875,PFKFB3,Tchem,protein,kinase,Non-protein kinase,,,,carbohydrate kinase,,,,"6-phosphofructo-2-kinase/fructose-2,6-bisphosphatase 3",N
